ts,humidity,temp,datetime,pm2_5
1594512099.589146,76.80000305175781,27.0,2020-07-12 00:01:39.589145899,74.67517594011429
1594512104.4684107,77.9000015258789,27.0,2020-07-12 00:01:44.468410730,73.81264498911027
1594512108.2753816,77.9000015258789,27.0,2020-07-12 00:01:48.275381565,70.54121684796989
1594512115.2885425,78.0,27.0,2020-07-12 00:01:55.288542509,73.24128432556802
1594512119.0980136,78.0,27.0,2020-07-12 00:01:59.098013639,78.14710199529796
1594512129.374153,77.9000015258789,27.0,2020-07-12 00:02:09.374152899,77.27583738067682
1594512133.717256,77.9000015258789,27.0,2020-07-12 00:02:13.717256069,73.81264498911027
1594512139.6659806,77.9000015258789,27.0,2020-07-12 00:02:19.665980577,73.09889853228232
1594512145.0825844,78.30000305175781,27.0,2020-07-12 00:02:25.082584381,70.3999547938763
1594512152.1008546,78.5999984741211,27.0,2020-07-12 00:02:32.100854635,73.81264498911027
1594512158.5780416,78.30000305175781,27.0,2020-07-12 00:02:38.578041553,73.81264498911027
1594512162.9205687,78.19999694824219,27.0,2020-07-12 00:02:42.920568705,73.81264498911027
1594512167.261468,78.19999694824219,27.0,2020-07-12 00:02:47.261467934,70.96535580843468
1594512173.2174854,78.4000015258789,27.0,2020-07-12 00:02:53.217485428,73.81264498911027
1594512178.6320183,78.69999694824219,27.0,2020-07-12 00:02:58.632018328,76.40676576494218
1594512184.5828233,78.5999984741211,27.0,2020-07-12 00:03:04.582823277,71.39123987712492
1594512189.4795554,78.5,27.0,2020-07-12 00:03:09.479555368,73.24128432556802
1594512194.3549402,78.4000015258789,27.0,2020-07-12 00:03:14.354940176,73.81264498911027
1594512198.697217,78.4000015258789,27.0,2020-07-12 00:03:18.697216988,74.10237574906344
1594512206.2489655,79.0999984741211,27.0,2020-07-12 00:03:26.248965502,73.81264498911027
1594512211.1266878,78.19999694824219,27.0,2020-07-12 00:03:31.126687765,73.81264498911027
1594512216.5350983,78.30000305175781,27.0,2020-07-12 00:03:36.535098313,70.82391732685657
1594512220.3450258,78.19999694824219,27.0,2020-07-12 00:03:40.345025778,71.53291449918208
1594512226.2972412,78.19999694824219,27.0,2020-07-12 00:03:46.297241211,78.14710199529796
1594512233.847906,78.19999694824219,27.0,2020-07-12 00:03:53.847906113,78.14710199529796
1594512240.327304,78.19999694824219,27.0,2020-07-12 00:04:00.327303886,79.31723892401406
1594512246.8188376,78.19999694824219,27.0,2020-07-12 00:04:06.818837643,77.27583738067682
1594512253.8389752,78.0,27.0,2020-07-12 00:04:13.838975191,78.73167651171876
1594512258.7162416,78.0,27.0,2020-07-12 00:04:18.716241598,76.40676576494218
1594512268.941263,78.0,27.0,2020-07-12 00:04:28.941262960,73.81264498911027
1594512274.350184,78.0,27.0,2020-07-12 00:04:34.350183964,77.27583738067682
1594512279.226336,77.9000015258789,27.0,2020-07-12 00:04:39.226336002,71.53291449918208
1594512284.1044822,77.9000015258789,27.0,2020-07-12 00:04:44.104482174,73.81264498911027
1594512291.120198,78.0,27.0,2020-07-12 00:04:51.120198011,73.81264498911027
1594512297.0675566,77.9000015258789,27.0,2020-07-12 00:04:57.067556620,73.81264498911027
1594512309.749946,77.9000015258789,27.0,2020-07-12 00:05:09.749946117,78.14710199529796
1594512322.3801043,77.80000305175781,27.0,2020-07-12 00:05:22.380104303,70.82391732685657
1594512330.9915383,77.80000305175781,27.0,2020-07-12 00:05:30.991538286,78.14710199529796
1594512335.8637028,77.80000305175781,27.0,2020-07-12 00:05:35.863702774,69.6957298538372
1594512340.7421043,77.80000305175781,27.0,2020-07-12 00:05:40.742104292,75.53988074527248
1594512348.8300364,78.9000015258789,27.0,2020-07-12 00:05:48.830036402,67.73607189298365
1594512355.3161287,77.9000015258789,27.0,2020-07-12 00:05:55.316128731,78.14710199529796
1594512359.12307,77.9000015258789,27.0,2020-07-12 00:05:59.123070002,75.53988074527248
1594512366.1619394,77.9000015258789,27.0,2020-07-12 00:06:06.161939383,82.85683160110825
1594512371.0358164,78.0,27.0,2020-07-12 00:06:11.035816431,78.14710199529796
1594512384.7219987,78.0,27.0,2020-07-12 00:06:24.721998692,73.81264498911027
1594512388.5299382,78.0,27.0,2020-07-12 00:06:28.529938221,70.25875149218706
1594512395.5457332,78.19999694824219,27.0,2020-07-12 00:06:35.545733213,78.73167651171876
1594512399.356173,78.19999694824219,27.0,2020-07-12 00:06:39.356173038,81.07987293627406
1594512404.2321637,78.30000305175781,27.100000381469727,2020-07-12 00:06:44.232163668,77.27583738067682
1594512409.1058335,78.19999694824219,27.0,2020-07-12 00:06:49.105833530,68.57248610085304
1594512415.0487883,78.0999984741211,27.0,2020-07-12 00:06:55.048788309,66.61931821332875
1594512419.3913538,78.19999694824219,27.100000381469727,2020-07-12 00:06:59.391353846,70.25875149218706
1594512424.8014004,78.0999984741211,27.0,2020-07-12 00:07:04.801400423,78.73167651171876
1594512430.7498243,78.0999984741211,27.0,2020-07-12 00:07:10.749824286,70.25875149218706
1594512446.590978,78.0999984741211,27.0,2020-07-12 00:07:26.590977907,70.96535580843468
1594512451.4662137,78.0,27.0,2020-07-12 00:07:31.466213703,73.81264498911027
1594512456.351643,78.0,27.0,2020-07-12 00:07:36.351643085,70.25875149218706
1594512463.8974855,78.0,27.0,2020-07-12 00:07:43.897485495,70.25875149218706
1594512469.8433945,78.0,27.0,2020-07-12 00:07:49.843394518,67.45296308817849
1594512476.8573587,78.19999694824219,27.0,2020-07-12 00:07:56.857358694,70.25875149218706
1594512485.561073,78.4000015258789,27.0,2020-07-12 00:08:05.561073065,77.27583738067682
1594512490.9776528,78.5,27.0,2020-07-12 00:08:10.977652788,70.25875149218706
1594512500.6676934,78.5,27.0,2020-07-12 00:08:20.667693377,72.38970403883594
1594512506.089249,78.5,27.0,2020-07-12 00:08:26.089248896,70.96535580843468
1594512512.5707974,78.30000305175781,27.0,2020-07-12 00:08:32.570797443,70.25875149218706
1594512517.447655,78.80000305175781,27.0,2020-07-12 00:08:37.447654963,72.10142092364023
1594512527.149592,79.30000305175781,27.0,2020-07-12 00:08:47.149591923,71.53291449918208
1594512533.0925505,79.0999984741211,27.0,2020-07-12 00:08:53.092550516,70.25875149218706
1594512539.0393465,78.80000305175781,27.0,2020-07-12 00:08:59.039346457,70.3999547938763
1594512545.0208576,78.30000305175781,27.0,2020-07-12 00:09:05.020857573,70.3999547938763
1594512548.8305173,78.69999694824219,27.0,2020-07-12 00:09:08.830517292,73.24128432556802
1594512552.640627,78.19999694824219,27.0,2020-07-12 00:09:12.640626907,69.6957298538372
1594512560.187642,78.0,27.0,2020-07-12 00:09:20.187642097,70.25875149218706
1594512564.5294924,78.0,27.0,2020-07-12 00:09:24.529492378,70.25875149218706
1594512570.479444,78.0,27.0,2020-07-12 00:09:30.479444027,70.25875149218706
1594512578.033297,78.0,27.0,2020-07-12 00:09:38.033297062,67.45296308817849
1594512585.0463903,78.0,27.0,2020-07-12 00:09:45.046390295,67.45296308817849
1594512589.3883755,78.0,27.0,2020-07-12 00:09:49.388375521,67.45296308817849
1594512593.1955447,78.0,27.0,2020-07-12 00:09:53.195544720,67.17723218773038
1594512600.220639,78.0999984741211,27.0,2020-07-12 00:10:00.220638990,67.45296308817849
1594512605.6325188,78.0999984741211,27.0,2020-07-12 00:10:05.632518768,67.45296308817849
1594512610.5035768,78.0999984741211,27.0,2020-07-12 00:10:10.503576755,63.30529176735347
1594512619.1201742,78.0999984741211,27.0,2020-07-12 00:10:19.120174170,65.78773454584976
1594512629.3466551,78.0,27.0,2020-07-12 00:10:29.346655130,64.95820617407404
1594512633.1554966,78.0,27.0,2020-07-12 00:10:33.155496597,67.45296308817849
1594512636.9652033,78.0,27.0,2020-07-12 00:10:36.965203285,67.45296308817849
1594512643.4511547,77.9000015258789,27.0,2020-07-12 00:10:43.451154709,67.45296308817849
1594512650.9945235,77.80000305175781,27.0,2020-07-12 00:10:50.994523525,68.01226039686158
1594512659.075764,77.80000305175781,27.0,2020-07-12 00:10:59.075763941,69.69572985383499
1594512666.0969007,77.69999694824219,27.0,2020-07-12 00:11:06.096900702,68.57248610085304
1594512673.646659,77.5999984741211,27.0,2020-07-12 00:11:13.646658897,70.25875149218706
1594512677.9885254,77.5999984741211,27.0,2020-07-12 00:11:17.988525391,66.61931821332875
1594512681.7964954,77.5999984741211,27.0,2020-07-12 00:11:21.796495438,66.61931821332875
1594512686.667987,77.69999694824219,27.0,2020-07-12 00:11:26.667987108,67.45296308817849
1594512691.5414915,77.80000305175781,27.0,2020-07-12 00:11:31.541491508,68.15252949843861
1594512695.8855205,77.80000305175781,27.0,2020-07-12 00:11:35.885520458,67.45296308817849
1594512700.240111,77.9000015258789,27.0,2020-07-12 00:11:40.240111113,67.45296308817849
1594512706.7221627,77.9000015258789,27.0,2020-07-12 00:11:46.722162724,67.45296308817849
1594512712.6659107,78.0,27.0,2020-07-12 00:11:52.665910721,68.57248610085304
1594512717.5428488,78.0,27.0,2020-07-12 00:11:57.542848825,67.45296308817849
1594512722.4364674,78.0999984741211,27.0,2020-07-12 00:12:02.436467409,68.01226039686158
1594512726.775724,78.0,27.0,2020-07-12 00:12:06.775723934,69.6957298538372
1594512735.3939145,78.0,27.0,2020-07-12 00:12:15.393914461,69.6957298538372
1594512746.1484823,77.9000015258789,27.0,2020-07-12 00:12:26.148482323,70.25875149218706
1594512751.5614705,77.9000015258789,27.0,2020-07-12 00:12:31.561470509,70.25875149218706
1594512756.973432,77.9000015258789,27.0,2020-07-12 00:12:36.973432064,69.6957298538372
1594512761.8496437,78.0,27.0,2020-07-12 00:12:41.849643707,70.25875149218706
1594512767.7936802,77.4000015258789,27.0,2020-07-12 00:12:47.793680191,70.25875149218706
1594512772.1369944,78.0,27.0,2020-07-12 00:12:52.136994362,68.85653563173537
1594512777.5545146,78.19999694824219,27.0,2020-07-12 00:12:57.554514647,70.25875149218706
1594512786.186654,78.0,27.0,2020-07-12 00:13:06.186654091,70.3999547938763
1594512799.3474874,78.0999984741211,27.0,2020-07-12 00:13:19.347487450,69.13364198894133
1594512806.3718245,78.0,27.0,2020-07-12 00:13:26.371824503,68.57248610085304
1594512814.99063,77.9000015258789,27.0,2020-07-12 00:13:34.990629911,66.61931821332875
1594512825.2164686,77.80000305175781,27.0,2020-07-12 00:13:45.216468573,67.45296308817849
1594512829.024204,77.80000305175781,27.0,2020-07-12 00:13:49.024204016,68.01226039686158
1594512838.720154,77.9000015258789,27.0,2020-07-12 00:13:58.720154047,68.01226039686158
1594512854.0289743,78.0,27.0,2020-07-12 00:14:14.028974295,66.61931821332875
1594512861.590494,78.0999984741211,27.0,2020-07-12 00:14:21.590493917,68.57248610085304
1594512871.2808971,78.19999694824219,27.0,2020-07-12 00:14:31.280897141,63.30529176735347
1594512880.4296727,78.80000305175781,27.0,2020-07-12 00:14:40.429672718,67.45296308817849
1594512884.7728486,78.9000015258789,27.100000381469727,2020-07-12 00:14:44.772848606,68.57248610085304
1594512889.1161487,79.0,27.100000381469727,2020-07-12 00:14:49.116148710,70.25875149218706
1594512893.99107,78.80000305175781,27.0,2020-07-12 00:14:53.991070032,69.13364198894133
1594512901.538885,78.5,27.0,2020-07-12 00:15:01.538885117,70.25875149218706
1594512905.3759046,78.5,27.0,2020-07-12 00:15:05.375904560,69.6957298538372
1594512910.7882142,78.80000305175781,27.100000381469727,2020-07-12 00:15:10.788214207,63.30529176735347
1594512914.5968924,78.30000305175781,27.0,2020-07-12 00:15:14.596892357,63.30529176735347
1594512920.0084877,78.19999694824219,27.0,2020-07-12 00:15:20.008487701,63.30529176735347
1594512923.815606,78.19999694824219,27.0,2020-07-12 00:15:23.815606117,63.30529176735347
1594512927.620714,78.19999694824219,27.0,2020-07-12 00:15:27.620713949,63.30529176735347
1594512933.0338728,78.19999694824219,27.0,2020-07-12 00:15:33.033872843,61.66750987641196
1594512941.127209,78.19999694824219,27.0,2020-07-12 00:15:41.127208947,62.75846880390263
1594512953.2108474,78.0,27.0,2020-07-12 00:15:53.210847378,63.58255092003036
1594512960.2263134,77.9000015258789,27.0,2020-07-12 00:16:00.226313353,63.03996123033391
1594512967.7768211,77.9000015258789,27.0,2020-07-12 00:16:07.776821136,63.30529176735347
1594512977.996057,77.9000015258789,27.0,2020-07-12 00:16:17.996057034,65.78773454584976
1594512987.6915145,77.9000015258789,27.0,2020-07-12 00:16:27.691514492,67.45296308817849
1594512993.6351109,77.9000015258789,27.0,2020-07-12 00:16:33.635110855,68.01226039686158
1594512999.5866432,77.9000015258789,27.0,2020-07-12 00:16:39.586643219,68.85653563173537
1594513003.9303188,78.0,27.0,2020-07-12 00:16:43.930318832,69.6957298538372
1594513009.8781571,78.0,27.0,2020-07-12 00:16:49.878157139,70.25875149218706
1594513014.7556212,78.0999984741211,27.0,2020-07-12 00:16:54.755621195,72.6708769187676
1594513021.2366211,78.0999984741211,27.0,2020-07-12 00:17:01.236621141,70.25875149218706
1594513025.5880015,78.0999984741211,27.0,2020-07-12 00:17:05.588001490,75.53988074527248
1594513029.9347973,78.19999694824219,27.100000381469727,2020-07-12 00:17:09.934797287,70.25875149218706
1594513035.878774,78.0999984741211,27.0,2020-07-12 00:17:15.878773928,70.96535580843468
1594513043.965451,78.0,27.0,2020-07-12 00:17:23.965451002,72.6708769187676
1594513048.309038,78.0999984741211,27.0,2020-07-12 00:17:28.309037924,85.0962126203211
1594513052.6518557,78.0999984741211,27.0,2020-07-12 00:17:32.651855707,89.02604266723006
1594513063.4117448,78.0999984741211,27.0,2020-07-12 00:17:43.411744833,70.96535580843468
1594513068.2861018,78.30000305175781,27.0,2020-07-12 00:17:48.286101818,67.45296308817849
1594513074.226436,78.30000305175781,27.0,2020-07-12 00:17:54.226435900,78.01494334396631
1594513079.6402194,78.30000305175781,27.0,2020-07-12 00:17:59.640219450,70.96535580843468
1594513084.5183687,78.30000305175781,27.0,2020-07-12 00:18:04.518368721,77.27583738067682
1594513090.9966226,78.19999694824219,27.0,2020-07-12 00:18:10.996622562,73.81264498911027
1594513097.4755063,78.0999984741211,27.0,2020-07-12 00:18:17.475506306,77.27583738067682
1594513106.0900002,78.0,27.0,2020-07-12 00:18:26.090000153,80.49133519194191
1594513111.50609,77.9000015258789,27.0,2020-07-12 00:18:31.506089926,81.5232653396167
1594513116.918182,78.0999984741211,27.0,2020-07-12 00:18:36.918181896,70.25875149218706
1594513120.731002,77.9000015258789,27.0,2020-07-12 00:18:40.731002092,73.81264498911027
1594513125.6111226,77.9000015258789,27.0,2020-07-12 00:18:45.611122608,76.12005248155802
1594513129.4212253,77.9000015258789,27.0,2020-07-12 00:18:49.421225309,70.82391732685657
1594513133.2282252,78.0,27.0,2020-07-12 00:18:53.228225231,88.4993514856063
1594513143.5010605,78.0,27.0,2020-07-12 00:19:03.501060486,62.75846880390263
1594513151.588153,77.9000015258789,27.0,2020-07-12 00:19:11.588152885,63.30529176735347
1594513156.4664245,77.9000015258789,27.0,2020-07-12 00:19:16.466424465,67.45296308817849
1594513166.1700292,77.9000015258789,27.0,2020-07-12 00:19:26.170029163,78.14710199529796
1594513169.976249,77.9000015258789,27.0,2020-07-12 00:19:29.976248980,72.6708769187676
1594513177.5365725,77.9000015258789,27.0,2020-07-12 00:19:37.536572456,70.82391732685657
1594513181.346273,78.0,27.0,2020-07-12 00:19:41.346272945,70.96535580843468
1594513186.2206664,78.0,27.0,2020-07-12 00:19:46.220666409,68.57248610085304
1594513191.0964696,77.9000015258789,27.0,2020-07-12 00:19:51.096469641,70.82391732685657
1594513201.3510156,77.9000015258789,27.0,2020-07-12 00:20:01.351015568,67.45296308817849
1594513205.1547682,77.19999694824219,27.0,2020-07-12 00:20:05.154768229,70.96535580843468
1594513209.495784,77.9000015258789,27.0,2020-07-12 00:20:09.495784044,70.96535580843468
1594513224.253395,77.9000015258789,27.0,2020-07-12 00:20:24.253395081,73.81264498911027
1594513230.1999476,77.9000015258789,27.0,2020-07-12 00:20:30.199947596,72.10142092364023
1594513235.0807226,77.80000305175781,27.0,2020-07-12 00:20:35.080722570,70.3999547938763
1594513238.8917117,77.80000305175781,27.0,2020-07-12 00:20:38.891711712,70.96535580843468
1594513244.8381872,78.19999694824219,27.0,2020-07-12 00:20:44.838187218,70.96535580843468
1594513250.78522,78.5999984741211,27.0,2020-07-12 00:20:50.785219908,78.14710199529796
1594513256.7323165,78.5999984741211,27.0,2020-07-12 00:20:56.732316494,72.6708769187676
1594513263.8122127,78.80000305175781,27.0,2020-07-12 00:21:03.812212706,64.13072720562816
1594513267.6269329,78.80000305175781,27.0,2020-07-12 00:21:07.626932859,63.30529176735347
1594513272.5044968,79.0,27.0,2020-07-12 00:21:12.504496813,63.30529176735347
1594513278.986891,79.0,27.0,2020-07-12 00:21:18.986891031,68.01226039686158
1594513283.3283455,78.5,27.0,2020-07-12 00:21:23.328345537,70.25875149218706
1594513287.6692588,78.30000305175781,27.0,2020-07-12 00:21:27.669258833,70.25875149218706
1594513296.2812705,78.19999694824219,27.0,2020-07-12 00:21:36.281270504,68.01226039686158
1594513300.0893128,78.19999694824219,27.0,2020-07-12 00:21:40.089312792,70.25875149218706
1594513304.9679832,78.0999984741211,27.0,2020-07-12 00:21:44.967983246,65.78773454584976
1594513308.7761393,78.0999984741211,27.0,2020-07-12 00:21:48.776139259,66.61931821332875
1594513312.58561,78.0999984741211,27.0,2020-07-12 00:21:52.585609913,67.45296308817849
1594513316.92971,78.0,27.0,2020-07-12 00:21:56.929709911,74.67517594011429
1594513326.7085288,77.9000015258789,27.0,2020-07-12 00:22:06.708528757,72.6708769187676
1594513332.663832,77.9000015258789,27.0,2020-07-12 00:22:12.663831949,70.96535580843468
1594513342.3500612,77.9000015258789,27.0,2020-07-12 00:22:22.350061178,70.68253768283508
1594513348.2926896,77.9000015258789,27.0,2020-07-12 00:22:28.292689562,73.81264498911027
1594513353.168152,77.80000305175781,27.0,2020-07-12 00:22:33.168152094,68.57248610085304
1594513357.5087416,77.80000305175781,27.0,2020-07-12 00:22:37.508741617,70.25875149218706
1594513361.3157766,77.80000305175781,27.0,2020-07-12 00:22:41.315776587,71.53291449918208
1594513365.1244292,77.69999694824219,26.89999961853028,2020-07-12 00:22:45.124429226,88.8775170418246
1594513372.6743364,78.30000305175781,27.0,2020-07-12 00:22:52.674336433,80.49133519194191
1594513377.016206,77.9000015258789,27.0,2020-07-12 00:22:57.016206025,73.81264498911027
1594513385.647737,77.80000305175781,27.0,2020-07-12 00:23:05.647737026,78.73167651171876
1594513391.0594397,77.69999694824219,27.0,2020-07-12 00:23:11.059439659,84.05011052800188
1594513401.820381,77.69999694824219,27.0,2020-07-12 00:23:21.820380926,70.25875149218706
1594513409.3687515,77.69999694824219,27.0,2020-07-12 00:23:29.368751526,85.551336752034
1594513413.180477,77.69999694824219,27.0,2020-07-12 00:23:33.180476904,82.88362387768262
1594513418.0597398,77.80000305175781,27.0,2020-07-12 00:23:38.059739828,78.14710199529796
1594513421.866636,77.9000015258789,27.0,2020-07-12 00:23:41.866636038,70.82391732685657
1594513428.3441966,77.9000015258789,27.0,2020-07-12 00:23:48.344196558,67.45296308817849
1594513436.4410732,77.80000305175781,27.0,2020-07-12 00:23:56.441073179,73.81264498911027
1594513440.7976365,77.80000305175781,27.0,2020-07-12 00:24:00.797636509,72.6708769187676
1594513445.1380289,77.80000305175781,27.0,2020-07-12 00:24:05.138028860,73.24128432556802
1594513449.4789498,77.9000015258789,27.0,2020-07-12 00:24:09.478949785,77.5710179785187
1594513460.248784,78.0,26.89999961853028,2020-07-12 00:24:20.248784065,67.45296308817849
1594513464.0568426,78.0,27.0,2020-07-12 00:24:24.056842566,70.68253768283508
1594513470.5371027,78.19999694824219,27.0,2020-07-12 00:24:30.537102699,64.95820617407624
1594513474.879462,78.30000305175781,27.0,2020-07-12 00:24:34.879462004,70.96535580843468
1594513478.694433,78.30000305175781,27.0,2020-07-12 00:24:38.694432974,62.350157399777416
1594513485.1765606,78.80000305175781,27.0,2020-07-12 00:24:45.176560640,62.75846880390263
1594513491.6540532,78.4000015258789,26.89999961853028,2020-07-12 00:24:51.654053211,70.3999547938763
1594513496.5311162,78.30000305175781,27.0,2020-07-12 00:24:56.531116247,63.30529176735347
1594513503.0605342,78.0999984741211,27.0,2020-07-12 00:25:03.060534239,70.3999547938763
1594513510.0764043,78.0999984741211,27.0,2020-07-12 00:25:10.076404333,64.13072720562816
1594513516.0218923,78.0,26.89999961853028,2020-07-12 00:25:16.021892309,69.6957298538372
1594513525.1765945,77.9000015258789,27.0,2020-07-12 00:25:25.176594496,66.06944500064728
1594513529.5245163,78.0,27.0,2020-07-12 00:25:29.524516344,69.6957298538372
1594513534.932866,78.0999984741211,26.89999961853028,2020-07-12 00:25:34.932866096,63.30529176735347
1594513547.0193896,78.19999694824219,27.0,2020-07-12 00:25:47.019389629,70.96535580843468
1594513552.4332793,78.30000305175781,27.0,2020-07-12 00:25:52.433279276,70.25875149218706
1594513556.2436888,78.30000305175781,27.0,2020-07-12 00:25:56.243688822,94.76239333759352
1594513560.5881915,78.19999694824219,27.0,2020-07-12 00:26:00.588191509,67.45296308817849
1594513566.546615,78.0,26.89999961853028,2020-07-12 00:26:06.546614885,67.45296308817849
1594513573.0290976,77.9000015258789,27.0,2020-07-12 00:26:13.029097557,74.67517594011429
1594513579.510876,77.80000305175781,27.0,2020-07-12 00:26:19.510875940,66.61931821332875
1594513585.45877,77.69999694824219,26.89999961853028,2020-07-12 00:26:25.458770037,60.580122272375526
1594513591.4117482,77.9000015258789,27.0,2020-07-12 00:26:31.411748171,65.78773454584976
1594513595.7547116,77.80000305175781,26.89999961853028,2020-07-12 00:26:35.754711628,63.30529176735347
1594513602.7884607,77.9000015258789,27.0,2020-07-12 00:26:42.788460732,67.45296308817849
1594513611.4114716,77.9000015258789,27.0,2020-07-12 00:26:51.411471605,65.78773454584976
1594513626.7396357,77.69999694824219,27.0,2020-07-12 00:27:06.739635706,67.45296308817849
1594513630.5482757,77.69999694824219,27.0,2020-07-12 00:27:10.548275709,67.45296308817849
1594513634.8861723,77.69999694824219,27.0,2020-07-12 00:27:14.886172295,67.45296308817849
1594513639.2274313,77.69999694824219,27.0,2020-07-12 00:27:19.227431297,68.01226039686158
1594513644.6402338,77.69999694824219,27.0,2020-07-12 00:27:24.640233755,62.75846880390263
1594513650.583877,77.69999694824219,27.0,2020-07-12 00:27:30.583877087,70.54121684796989
1594513661.8806565,77.5999984741211,27.0,2020-07-12 00:27:41.880656481,74.96563681629492
1594513666.754149,77.5999984741211,27.0,2020-07-12 00:27:46.754148960,66.61931821332875
1594513674.301803,77.5999984741211,27.0,2020-07-12 00:27:54.301803112,69.69572985383499
1594513680.2428093,77.5999984741211,26.89999961853028,2020-07-12 00:28:00.242809296,70.3999547938763
1594513686.7224543,77.69999694824219,27.0,2020-07-12 00:28:06.722454309,70.96535580843468
1594513690.5306196,77.69999694824219,27.0,2020-07-12 00:28:10.530619621,68.01226039686158
1594513696.4854565,78.0,27.0,2020-07-12 00:28:16.485456467,72.6708769187676
1594513700.827212,78.0,27.0,2020-07-12 00:28:20.827212095,70.3999547938763
1594513709.9804552,77.9000015258789,27.0,2020-07-12 00:28:29.980455160,67.45296308817849
1594513715.3909042,77.9000015258789,27.0,2020-07-12 00:28:35.390904188,63.30529176735347
1594513722.4132855,77.80000305175781,27.0,2020-07-12 00:28:42.413285494,62.75846880390263
1594513727.2898345,77.80000305175781,27.0,2020-07-12 00:28:47.289834499,64.95820617407624
1594513731.096495,77.80000305175781,27.0,2020-07-12 00:28:51.096494913,70.25875149218706
1594513750.1757872,77.5999984741211,27.0,2020-07-12 00:29:10.175787210,67.45296308817849
1594513753.9882796,77.5999984741211,27.0,2020-07-12 00:29:13.988279581,67.45296308817849
1594513757.7973497,77.5999984741211,27.0,2020-07-12 00:29:17.797349691,70.3999547938763
1594513762.1398711,77.5999984741211,27.0,2020-07-12 00:29:22.139871120,63.30529176735347
1594513765.9469318,77.5999984741211,27.0,2020-07-12 00:29:25.946931839,63.30529176735347
1594513772.427662,77.5999984741211,26.89999961853028,2020-07-12 00:29:32.427661896,69.6957298538372
1594513778.9050238,77.69999694824219,27.0,2020-07-12 00:29:38.905023813,69.13364198894133
1594513783.2486515,77.69999694824219,27.0,2020-07-12 00:29:43.248651505,77.85894000961807
1594513790.2617066,77.69999694824219,26.89999961853028,2020-07-12 00:29:50.261706591,67.45296308817849
1594513794.0715373,78.0,26.89999961853028,2020-07-12 00:29:54.071537256,68.01226039686158
1594513797.8791463,77.9000015258789,27.0,2020-07-12 00:29:57.879146338,70.25875149218706
1594513804.9173105,77.9000015258789,26.89999961853028,2020-07-12 00:30:04.917310476,74.67517594011429
1594513811.4016294,77.80000305175781,26.89999961853028,2020-07-12 00:30:11.401629448,70.96535580843468
1594513817.3440883,77.69999694824219,26.89999961853028,2020-07-12 00:30:17.344088316,72.10142092364023
1594513825.4299796,77.80000305175781,27.0,2020-07-12 00:30:25.429979563,70.25875149218706
1594513831.376324,77.69999694824219,26.89999961853028,2020-07-12 00:30:31.376323938,81.3807546295081
1594513839.4556594,77.69999694824219,26.89999961853028,2020-07-12 00:30:39.455659389,70.3999547938763
1594513844.864897,77.5999984741211,26.89999961853028,2020-07-12 00:30:44.864897013,67.45296308817849
1594513849.2072923,77.69999694824219,27.0,2020-07-12 00:30:49.207292318,82.4153235357033
1594513854.6234026,77.69999694824219,26.89999961853028,2020-07-12 00:30:54.623402596,74.67517594011429
1594513858.9651563,77.80000305175781,27.0,2020-07-12 00:30:58.965156317,78.14710199529796
1594513865.461687,77.80000305175781,26.89999961853028,2020-07-12 00:31:05.461687088,83.91834507043409
1594513880.2187526,78.0,26.89999961853028,2020-07-12 00:31:20.218752623,67.45296308817849
1594513884.567558,78.4000015258789,27.0,2020-07-12 00:31:24.567558050,76.99338051220477
1594513888.9111152,78.4000015258789,27.0,2020-07-12 00:31:28.911115170,73.82002362227365
1594513895.923342,78.19999694824219,26.89999961853028,2020-07-12 00:31:35.923341990,69.83669893037498
1594513900.799733,78.30000305175781,26.89999961853028,2020-07-12 00:31:40.799732924,70.96535580843468
1594513906.766273,78.5,26.89999961853028,2020-07-12 00:31:46.766273022,74.67517594011429
1594513915.3866038,78.69999694824219,27.0,2020-07-12 00:31:55.386603832,70.25875149218706
1594513922.9798615,78.4000015258789,27.0,2020-07-12 00:32:02.979861498,79.0281022277143
1594513932.6679509,78.0,26.89999961853028,2020-07-12 00:32:12.667950869,68.01226039686158
1594513940.750238,77.80000305175781,26.89999961853028,2020-07-12 00:32:20.750237942,69.13364198894133
1594513946.6936307,77.69999694824219,26.89999961853028,2020-07-12 00:32:26.693630695,66.61931821332875
1594513953.1786432,77.80000305175781,26.89999961853028,2020-07-12 00:32:33.178643227,64.13072720562816
1594513956.9867463,77.9000015258789,26.89999961853028,2020-07-12 00:32:36.986746311,64.13072720562816
1594513961.3325317,77.9000015258789,27.0,2020-07-12 00:32:41.332531691,66.61931821332875
1594513965.673709,77.80000305175781,27.0,2020-07-12 00:32:45.673708916,63.30529176735347
1594513970.0163493,77.80000305175781,27.0,2020-07-12 00:32:50.016349316,67.45296308817849
1594513974.359208,77.80000305175781,27.0,2020-07-12 00:32:54.359208107,67.45296308817849
1594513979.2362847,77.69999694824219,26.89999961853028,2020-07-12 00:32:59.236284733,63.30529176735347
1594513983.5789402,77.69999694824219,27.0,2020-07-12 00:33:03.578940153,67.45296308817849
1594513987.9215455,77.80000305175781,27.0,2020-07-12 00:33:07.921545506,67.45296308817849
1594513994.9409916,77.69999694824219,26.89999961853028,2020-07-12 00:33:14.940991640,64.95820617407404
1594514002.49148,77.5999984741211,26.89999961853028,2020-07-12 00:33:22.491480112,63.30529176735347
1594514007.367215,77.5999984741211,26.89999961853028,2020-07-12 00:33:27.367214918,58.55686766054048
1594514017.59524,77.5999984741211,26.89999961853028,2020-07-12 00:33:37.595240116,60.580122272375526
1594514021.4053657,77.5999984741211,26.89999961853028,2020-07-12 00:33:41.405365705,62.75846880390263
1594514026.8136754,77.69999694824219,26.89999961853028,2020-07-12 00:33:46.813675404,67.45296308817849
1594514031.1568084,77.80000305175781,27.0,2020-07-12 00:33:51.156808376,69.6957298538372
1594514037.1057444,77.69999694824219,26.89999961853028,2020-07-12 00:33:57.105744362,69.6957298538372
1594514044.1765635,77.69999694824219,26.89999961853028,2020-07-12 00:34:04.176563501,69.6957298538372
1594514048.5169127,77.80000305175781,26.89999961853028,2020-07-12 00:34:08.516912699,69.13364198894133
1594514052.85897,77.80000305175781,26.89999961853028,2020-07-12 00:34:12.858969927,67.45296308817849
1594514058.8047726,77.80000305175781,26.89999961853028,2020-07-12 00:34:18.804772615,68.01226039686158
1594514070.8989694,77.9000015258789,26.89999961853028,2020-07-12 00:34:30.898969412,66.61931821332875
1594514074.7053657,77.9000015258789,26.89999961853028,2020-07-12 00:34:34.705365658,69.83669893037498
1594514082.2536416,78.19999694824219,26.89999961853028,2020-07-12 00:34:42.253641605,72.6708769187676
1594514089.8128576,78.0,26.89999961853028,2020-07-12 00:34:49.812857628,73.24128432556802
1594514094.6912384,78.30000305175781,26.89999961853028,2020-07-12 00:34:54.691238403,103.92155132038488
1594514102.780363,78.19999694824219,26.89999961853028,2020-07-12 00:35:02.780363083,70.25875149218706
1594514107.120718,78.0999984741211,26.89999961853028,2020-07-12 00:35:07.120718002,67.45296308817849
1594514113.600446,78.0,26.89999961853028,2020-07-12 00:35:13.600445986,71.67586443208299
1594514122.225875,77.80000305175781,26.89999961853028,2020-07-12 00:35:22.225874901,70.54121684796989
1594514126.5682216,77.80000305175781,26.89999961853028,2020-07-12 00:35:26.568221569,66.90172683878671
1594514131.4491498,77.9000015258789,27.0,2020-07-12 00:35:31.449149847,75.83107387360417
1594514135.2573495,77.80000305175781,26.89999961853028,2020-07-12 00:35:35.257349491,70.25875149218706
1594514141.2060616,77.69999694824219,26.89999961853028,2020-07-12 00:35:41.206061602,83.89937706631278
1594514146.6175826,77.69999694824219,26.89999961853028,2020-07-12 00:35:46.617582560,67.45296308817849
1594514156.3166473,77.69999694824219,26.89999961853028,2020-07-12 00:35:56.316647291,59.76933335395579
1594514163.3857086,77.69999694824219,26.89999961853028,2020-07-12 00:36:03.385708570,55.88630625744428
1594514169.868394,77.80000305175781,26.89999961853028,2020-07-12 00:36:09.868393898,55.88630625744428
1594514182.4976647,77.9000015258789,26.89999961853028,2020-07-12 00:36:22.497664690,55.88630625744428
1594514187.9111326,78.19999694824219,26.89999961853028,2020-07-12 00:36:27.911132574,58.96052813913401
1594514195.999857,78.30000305175781,26.89999961853028,2020-07-12 00:36:35.999856949,64.13072720562816
1594514200.8788388,78.5999984741211,26.89999961853028,2020-07-12 00:36:40.878838778,65.78773454584976
1594514204.686726,78.5999984741211,27.0,2020-07-12 00:36:44.686726093,63.30529176735347
1594514210.0968692,78.5999984741211,26.89999961853028,2020-07-12 00:36:50.096869230,62.75846880390263
1594514218.1997955,78.0999984741211,26.89999961853028,2020-07-12 00:36:58.199795485,61.66750987641196
1594514223.639209,78.0,26.89999961853028,2020-07-12 00:37:03.639209032,60.580122272375526
1594514234.3909535,77.80000305175781,26.89999961853028,2020-07-12 00:37:14.390953541,61.123370507802335
1594514248.616542,77.69999694824219,26.89999961853028,2020-07-12 00:37:28.616542101,63.30529176735347
1594514254.02864,77.5999984741211,26.89999961853028,2020-07-12 00:37:34.028640032,63.30529176735347
1594514258.376488,77.69999694824219,27.0,2020-07-12 00:37:38.376487970,67.45296308817849
1594514264.3200188,77.5999984741211,26.89999961853028,2020-07-12 00:37:44.320018768,65.78773454584976
1594514270.8102736,77.5999984741211,26.89999961853028,2020-07-12 00:37:50.810273647,63.30529176735347
1594514276.7560918,77.5999984741211,26.89999961853028,2020-07-12 00:37:56.756091833,60.580122272375526
1594514283.2908463,77.5999984741211,26.89999961853028,2020-07-12 00:38:03.290846348,63.30529176735347
1594514287.0985694,77.5999984741211,26.89999961853028,2020-07-12 00:38:07.098569393,70.68253768283287
1594514290.9073403,77.5999984741211,26.89999961853028,2020-07-12 00:38:10.907340288,67.45296308817849
1594514294.720365,77.69999694824219,27.0,2020-07-12 00:38:14.720365047,60.17447949763923
1594514301.736684,77.5999984741211,26.89999961853028,2020-07-12 00:38:21.736684084,69.13364198894133
1594514307.1463957,77.5999984741211,26.89999961853028,2020-07-12 00:38:27.146395683,69.83669893037498
1594514312.028591,77.5999984741211,26.89999961853028,2020-07-12 00:38:32.028590918,68.15252949843861
1594514316.3751204,77.9000015258789,27.0,2020-07-12 00:38:36.375120401,64.13072720562816
1594514320.7162678,77.69999694824219,26.89999961853028,2020-07-12 00:38:40.716267824,72.10142092364023
1594514326.669287,77.80000305175781,26.89999961853028,2020-07-12 00:38:46.669286966,67.45296308817849
1594514336.3570487,77.80000305175781,26.89999961853028,2020-07-12 00:38:56.357048750,64.95820617407404
1594514357.3339,77.80000305175781,26.89999961853028,2020-07-12 00:39:17.333899975,70.25875149218706
1594514364.8816628,77.69999694824219,26.89999961853028,2020-07-12 00:39:24.881662846,73.24128432556802
1594514369.2249677,78.4000015258789,27.0,2020-07-12 00:39:29.224967718,86.17408644589295
1594514373.566822,77.80000305175781,27.0,2020-07-12 00:39:33.566822052,63.30529176735347
1594514378.9800632,77.69999694824219,26.89999961853028,2020-07-12 00:39:38.980063200,63.30529176735347
1594514400.9818425,77.5,26.89999961853028,2020-07-12 00:40:00.981842518,69.69572985383499
1594514405.325852,77.5,27.0,2020-07-12 00:40:05.325851917,72.52872864186575
1594514410.736186,77.5,26.89999961853028,2020-07-12 00:40:10.736186028,67.45296308817849
1594514416.6785965,77.5999984741211,26.89999961853028,2020-07-12 00:40:16.678596497,63.30529176735347
1594514424.7771275,77.5,26.89999961853028,2020-07-12 00:40:24.777127504,63.30529176735347
1594514431.2695584,77.5,26.89999961853028,2020-07-12 00:40:31.269558430,58.55686766054048
1594514435.0744262,77.5,26.89999961853028,2020-07-12 00:40:35.074426174,60.580122272375526
1594514443.1608942,77.69999694824219,26.89999961853028,2020-07-12 00:40:43.160894156,62.21254207496318
1594514447.5057178,77.9000015258789,27.0,2020-07-12 00:40:47.505717753,61.123370507802335
1594514452.3802276,78.19999694824219,26.89999961853028,2020-07-12 00:40:52.380227566,63.30529176735347
1594514461.5689516,78.4000015258789,26.89999961853028,2020-07-12 00:41:01.568951607,58.55686766054048
1594514469.6755917,78.0,26.89999961853028,2020-07-12 00:41:09.675591707,60.580122272375526
1594514475.6217148,77.9000015258789,26.89999961853028,2020-07-12 00:41:15.621714830,63.30529176735347
1594514480.4989412,77.80000305175781,26.89999961853028,2020-07-12 00:41:20.498941183,63.30529176735347
1594514484.3073258,77.80000305175781,26.89999961853028,2020-07-12 00:41:24.307325840,63.0352734430428
1594514488.6498704,77.80000305175781,26.89999961853028,2020-07-12 00:41:28.649870396,60.580122272375526
1594514493.527212,77.9000015258789,27.0,2020-07-12 00:41:33.527211905,61.123370507802335
1594514500.5432806,77.69999694824219,26.89999961853028,2020-07-12 00:41:40.543280602,62.21254207496318
1594514506.4882455,78.0,26.89999961853028,2020-07-12 00:41:46.488245487,60.580122272375526
1594514513.5050676,77.69999694824219,26.89999961853028,2020-07-12 00:41:53.505067587,63.30529176735347
1594514518.378948,77.69999694824219,26.89999961853028,2020-07-12 00:41:58.378947973,60.580122272375526
1594514522.2008357,77.69999694824219,26.89999961853028,2020-07-12 00:42:02.200835705,60.580122272375526
1594514526.545171,77.69999694824219,26.89999961853028,2020-07-12 00:42:06.545171022,60.580122272375526
1594514533.0260088,77.80000305175781,26.89999961853028,2020-07-12 00:42:13.026008844,63.30529176735347
1594514542.1864047,77.80000305175781,26.89999961853028,2020-07-12 00:42:22.186404705,66.61931821332875
1594514547.6002758,78.0,26.89999961853028,2020-07-12 00:42:27.600275755,66.61931821332875
1594514552.4768238,77.9000015258789,26.89999961853028,2020-07-12 00:42:32.476823807,66.61931821332875
1594514556.2912004,77.9000015258789,26.89999961853028,2020-07-12 00:42:36.291200399,58.55686766054048
1594514561.7098455,77.9000015258789,26.89999961853028,2020-07-12 00:42:41.709845543,60.31714899395517
1594514567.6570132,77.9000015258789,26.89999961853028,2020-07-12 00:42:47.657013178,56.41868301289502
1594514573.6116965,77.9000015258789,26.89999961853028,2020-07-12 00:42:53.611696482,58.55686766054048
1594514581.6900403,77.69999694824219,26.89999961853028,2020-07-12 00:43:01.690040350,60.580122272375526
1594514589.2490206,77.69999694824219,26.89999961853028,2020-07-12 00:43:09.249020576,70.68253768283287
1594514596.8009644,77.5999984741211,26.89999961853028,2020-07-12 00:43:16.800964355,69.83911382084045
1594514601.153143,77.5999984741211,26.89999961853028,2020-07-12 00:43:21.153142929,70.25875149218706
1594514605.4975429,77.5999984741211,26.89999961853028,2020-07-12 00:43:25.497542858,84.37194582862837
1594514609.8410358,77.5999984741211,26.89999961853028,2020-07-12 00:43:29.841035843,70.54121684796989
1594514613.6495478,78.30000305175781,26.89999961853028,2020-07-12 00:43:33.649547815,70.25875149218706
1594514621.204616,77.5999984741211,26.89999961853028,2020-07-12 00:43:41.204616070,70.68253768283508
1594514630.3534,77.5999984741211,26.89999961853028,2020-07-12 00:43:50.353399992,64.95820617407404
1594514635.766043,77.5,26.89999961853028,2020-07-12 00:43:55.766042948,68.57248610085304
1594514641.186468,77.5999984741211,26.89999961853028,2020-07-12 00:44:01.186467886,70.25875149218706
1594514646.108804,77.5,26.89999961853028,2020-07-12 00:44:06.108803988,68.57248610085304
1594514649.9172945,77.5,26.89999961853028,2020-07-12 00:44:09.917294502,64.68451493820646
1594514660.6605456,77.5,26.89999961853028,2020-07-12 00:44:20.660545588,73.81264498911027
1594514666.071056,77.5999984741211,26.89999961853028,2020-07-12 00:44:26.071055889,78.88306663895652
1594514672.021882,77.5999984741211,26.89999961853028,2020-07-12 00:44:32.021882057,70.68253768283508
1594514677.9694972,77.5999984741211,26.89999961853028,2020-07-12 00:44:37.969497204,70.3999547938763
1594514683.9176075,77.5999984741211,26.89999961853028,2020-07-12 00:44:43.917607546,67.45296308817849
1594514688.2602248,77.5999984741211,26.89999961853028,2020-07-12 00:44:48.260224819,65.78773454584976
1594514693.1449704,77.5999984741211,26.89999961853028,2020-07-12 00:44:53.144970417,64.95820617407404
1594514697.4884157,77.5999984741211,26.89999961853028,2020-07-12 00:44:57.488415718,66.61931821332875
1594514701.3524635,77.5999984741211,26.89999961853028,2020-07-12 00:45:01.352463484,70.25875149218706
1594514705.6953585,78.5,26.89999961853028,2020-07-12 00:45:05.695358515,67.45296308817849
1594514712.1773376,77.69999694824219,26.89999961853028,2020-07-12 00:45:12.177337646,67.45296308817849
1594514718.1232865,77.69999694824219,26.89999961853028,2020-07-12 00:45:18.123286486,66.61931821332875
1594514723.5350792,77.69999694824219,26.89999961853028,2020-07-12 00:45:23.535079241,66.61931821332875
1594514733.238917,77.69999694824219,26.89999961853028,2020-07-12 00:45:33.238917112,69.13364198894133
1594514738.65418,77.5999984741211,26.89999961853028,2020-07-12 00:45:38.654180050,67.17723218773038
1594514742.4673653,77.5999984741211,26.89999961853028,2020-07-12 00:45:42.467365265,67.45296308817849
1594514746.8102646,77.5999984741211,26.89999961853028,2020-07-12 00:45:46.810264587,66.61931821332875
1594514750.6187143,77.5999984741211,26.89999961853028,2020-07-12 00:45:50.618714333,70.25875149218706
1594514759.2313278,77.5999984741211,26.89999961853028,2020-07-12 00:45:59.231327772,70.96535580843468
1594514763.0608118,77.5999984741211,26.89999961853028,2020-07-12 00:46:03.060811758,70.54121684796989
1594514766.8679097,77.5999984741211,26.89999961853028,2020-07-12 00:46:06.867909670,71.39123987712492
1594514771.2097652,77.5999984741211,26.89999961853028,2020-07-12 00:46:11.209765196,69.6957298538372
1594514778.2234085,77.69999694824219,26.89999961853028,2020-07-12 00:46:18.223408461,72.10142092364023
1594514782.568229,77.69999694824219,26.89999961853028,2020-07-12 00:46:22.568228960,70.3999547938763
1594514786.9102447,77.69999694824219,26.89999961853028,2020-07-12 00:46:26.910244703,77.43157765596393
1594514793.3913548,77.5999984741211,26.89999961853028,2020-07-12 00:46:33.391354799,64.95820617407404
1594514797.199723,77.5999984741211,26.89999961853028,2020-07-12 00:46:37.199723005,61.123370507802335
1594514802.0766945,77.5999984741211,26.89999961853028,2020-07-12 00:46:42.076694489,67.45296308817849
1594514805.884272,77.5999984741211,26.799999237060547,2020-07-12 00:46:45.884272099,70.25875149218706
1594514811.8332295,77.69999694824219,26.89999961853028,2020-07-12 00:46:51.833229542,70.68253768283508
1594514816.1751478,77.69999694824219,26.89999961853028,2020-07-12 00:46:56.175147772,60.580122272375526
1594514820.5264702,77.80000305175781,26.89999961853028,2020-07-12 00:47:00.526470184,67.45296308817849
1594514828.6361234,77.5999984741211,26.799999237060547,2020-07-12 00:47:08.636123419,58.96052813913401
1594514834.0488324,77.5999984741211,26.89999961853028,2020-07-12 00:47:14.048832417,60.580122272375526
1594514840.531716,77.5999984741211,26.89999961853028,2020-07-12 00:47:20.531716108,60.580122272375526
1594514845.4042058,77.5999984741211,26.89999961853028,2020-07-12 00:47:25.404205799,63.30529176735347
1594514849.7497478,77.5999984741211,26.89999961853028,2020-07-12 00:47:29.749747753,66.61931821332875
1594514853.5575242,77.5999984741211,26.89999961853028,2020-07-12 00:47:33.557524204,67.45296308817849
1594514860.0348945,77.5999984741211,26.89999961853028,2020-07-12 00:47:40.034894466,63.30529176735347
1594514864.914743,77.5999984741211,26.799999237060547,2020-07-12 00:47:44.914742947,60.17447949763923
1594514869.254803,77.69999694824219,26.89999961853028,2020-07-12 00:47:49.254802941,60.580122272375526
1594514876.8068347,77.5999984741211,26.799999237060547,2020-07-12 00:47:56.806834698,60.580122272375526
1594514880.6136458,77.69999694824219,26.89999961853028,2020-07-12 00:48:00.613645792,60.580122272375526
1594514886.5597837,77.80000305175781,26.89999961853028,2020-07-12 00:48:06.559783697,63.30529176735347
1594514890.3664906,77.5999984741211,26.799999237060547,2020-07-12 00:48:10.366490602,59.635997559244245
1594514896.3186066,77.80000305175781,26.89999961853028,2020-07-12 00:48:16.318606615,61.123370507802335
1594514902.2622736,77.80000305175781,26.799999237060547,2020-07-12 00:48:22.262273550,60.580122272375526
1594514907.6762605,77.80000305175781,26.799999237060547,2020-07-12 00:48:27.676260471,58.55686766054048
1594514912.5504158,78.0999984741211,26.89999961853028,2020-07-12 00:48:32.550415754,63.30529176735347
1594514922.766859,77.80000305175781,26.799999237060547,2020-07-12 00:48:42.766859055,61.123370507802335
1594514926.5739737,77.80000305175781,26.799999237060547,2020-07-12 00:48:46.573973656,60.17447949763923
1594514932.5183814,77.80000305175781,26.89999961853028,2020-07-12 00:48:52.518381357,59.36468313588672
1594514938.998763,77.69999694824219,26.799999237060547,2020-07-12 00:48:58.998763084,60.580122272375526
1594514944.4107914,77.80000305175781,26.799999237060547,2020-07-12 00:49:04.410791397,60.580122272375526
1594514950.896554,77.69999694824219,26.799999237060547,2020-07-12 00:49:10.896553993,60.580122272375526
1594514959.5163243,77.69999694824219,26.799999237060547,2020-07-12 00:49:19.516324282,60.580122272375526
1594514968.6695788,77.69999694824219,26.89999961853028,2020-07-12 00:49:28.669578791,59.36468313588672
1594514974.081355,77.5999984741211,26.799999237060547,2020-07-12 00:49:34.081355095,58.55686766054048
1594514981.6367924,77.5999984741211,26.799999237060547,2020-07-12 00:49:41.636792421,60.580122272375526
1594514989.1781857,77.5999984741211,26.89999961853028,2020-07-12 00:49:49.178185701,58.55686766054048
1594515002.9096782,77.9000015258789,26.89999961853028,2020-07-12 00:50:02.909678221,58.96052813913401
1594515008.8666313,77.80000305175781,26.89999961853028,2020-07-12 00:50:08.866631269,59.76933335395579
1594515014.28144,77.80000305175781,26.89999961853028,2020-07-12 00:50:14.281440020,62.21254207496318
1594515018.091206,77.80000305175781,26.89999961853028,2020-07-12 00:50:18.091206074,60.580122272375526
1594515024.037667,77.9000015258789,26.89999961853028,2020-07-12 00:50:24.037667036,59.36468313588672
1594515028.3879874,78.0,26.89999961853028,2020-07-12 00:50:28.387987375,59.76933335395579
1594515032.7309952,78.0999984741211,26.89999961853028,2020-07-12 00:50:32.730995178,58.96052813913401
1594515037.6106048,78.30000305175781,26.89999961853028,2020-07-12 00:50:37.610604763,58.55686766054048
1594515041.948339,78.30000305175781,26.89999961853028,2020-07-12 00:50:41.948338985,58.55686766054048
1594515047.3671825,78.0999984741211,26.89999961853028,2020-07-12 00:50:47.367182493,58.55686766054048
1594515063.227627,78.69999694824219,26.799999237060547,2020-07-12 00:51:03.227627039,58.55686766054048
1594515073.4499753,77.5999984741211,26.799999237060547,2020-07-12 00:51:13.449975252,58.55686766054048
1594515080.9963903,77.5999984741211,26.89999961853028,2020-07-12 00:51:20.996390343,58.55686766054048
1594515085.339532,77.5999984741211,26.89999961853028,2020-07-12 00:51:25.339531898,58.55686766054048
1594515089.14618,77.5999984741211,26.89999961853028,2020-07-12 00:51:29.146179914,58.55686766054048
1594515093.489064,77.69999694824219,26.89999961853028,2020-07-12 00:51:33.489063978,58.55686766054048
1594515098.3695338,77.69999694824219,26.89999961853028,2020-07-12 00:51:38.369533777,58.96052813913401
1594515102.1781535,77.5999984741211,26.799999237060547,2020-07-12 00:51:42.178153515,60.17447949763923
1594515108.127479,77.80000305175781,26.799999237060547,2020-07-12 00:51:48.127479076,60.580122272375526
1594515113.0021946,77.80000305175781,26.799999237060547,2020-07-12 00:51:53.002194643,60.580122272375526
1594515118.4084258,77.80000305175781,26.799999237060547,2020-07-12 00:51:58.408425808,60.580122272375526
1594515126.0070016,77.80000305175781,26.799999237060547,2020-07-12 00:52:06.007001638,58.96052813913401
1594515130.3506565,77.9000015258789,26.89999961853028,2020-07-12 00:52:10.350656509,60.17447949763923
1594515134.1613584,77.80000305175781,26.799999237060547,2020-07-12 00:52:14.161358356,60.580122272375526
1594515137.9697654,77.9000015258789,26.89999961853028,2020-07-12 00:52:17.969765425,60.580122272375526
1594515147.121075,77.9000015258789,26.799999237060547,2020-07-12 00:52:27.121074915,60.580122272375526
1594515151.4676237,77.69999694824219,26.89999961853028,2020-07-12 00:52:31.467623711,61.123370507802335
1594515159.5556583,77.80000305175781,26.799999237060547,2020-07-12 00:52:39.555658340,60.580122272375526
1594515168.1810417,78.0999984741211,26.799999237060547,2020-07-12 00:52:48.181041718,63.30529176735347
1594515172.5200047,78.0999984741211,26.799999237060547,2020-07-12 00:52:52.520004749,61.123370507802335
1594515179.540868,77.9000015258789,26.799999237060547,2020-07-12 00:52:59.540868044,65.78773454584976
1594515186.0374875,77.9000015258789,26.89999961853028,2020-07-12 00:53:06.037487507,64.13072720562816
1594515193.590239,77.80000305175781,26.89999961853028,2020-07-12 00:53:13.590239048,64.95820617407404
1594515197.3966167,78.0,26.799999237060547,2020-07-12 00:53:17.396616697,61.26376402253507
1594515201.205475,78.0999984741211,26.89999961853028,2020-07-12 00:53:21.205475092,61.66750987641196
1594515205.5563517,77.9000015258789,26.89999961853028,2020-07-12 00:53:25.556351662,60.580122272375526
1594515216.3112998,77.69999694824219,26.799999237060547,2020-07-12 00:53:36.311299801,60.580122272375526
1594515228.9287815,77.80000305175781,26.89999961853028,2020-07-12 00:53:48.928781509,64.13072720562816
1594515233.2712653,77.9000015258789,26.89999961853028,2020-07-12 00:53:53.271265268,60.580122272375526
1594515239.2135708,77.80000305175781,26.799999237060547,2020-07-12 00:53:59.213570833,63.30529176735347
1594515249.9815774,77.9000015258789,26.89999961853028,2020-07-12 00:54:09.981577396,67.45296308817849
1594515253.7883518,77.4000015258789,26.89999961853028,2020-07-12 00:54:13.788351774,64.40867267813641
1594515257.5955107,77.9000015258789,26.89999961853028,2020-07-12 00:54:17.595510721,64.13072720562816
1594515264.620794,78.19999694824219,26.89999961853028,2020-07-12 00:54:24.620794058,61.66750987641196
1594515273.7784216,78.4000015258789,26.89999961853028,2020-07-12 00:54:33.778421640,60.580122272375526
1594515278.1217933,78.5,26.89999961853028,2020-07-12 00:54:38.121793270,60.580122272375526
1594515288.87076,78.4000015258789,26.89999961853028,2020-07-12 00:54:48.870759964,60.580122272375526
1594515293.7452042,78.5,26.799999237060547,2020-07-12 00:54:53.745204210,60.580122272375526
1594515299.692093,78.69999694824219,26.89999961853028,2020-07-12 00:54:59.692092896,60.17447949763923
1594515305.6354053,78.5999984741211,26.799999237060547,2020-07-12 00:55:05.635405302,60.580122272375526
1594515310.5169902,78.30000305175781,26.799999237060547,2020-07-12 00:55:10.516990185,58.55686766054048
1594515315.3961687,78.30000305175781,26.89999961853028,2020-07-12 00:55:15.396168709,58.55686766054048
1594515319.738232,78.30000305175781,26.89999961853028,2020-07-12 00:55:19.738231897,60.580122272375526
1594515327.8263094,78.0999984741211,26.799999237060547,2020-07-12 00:55:27.826309443,58.55686766054048
1594515335.379367,78.30000305175781,26.89999961853028,2020-07-12 00:55:35.379367113,60.580122272375526
1594515340.2566152,78.19999694824219,26.799999237060547,2020-07-12 00:55:40.256615162,61.123370507802335
1594515344.0643425,78.19999694824219,26.799999237060547,2020-07-12 00:55:44.064342499,60.580122272375526
1594515350.0105472,78.0999984741211,26.799999237060547,2020-07-12 00:55:50.010547161,61.66750987641196
1594515354.8871384,78.0999984741211,26.89999961853028,2020-07-12 00:55:54.887138367,60.17447949763923
1594515359.230464,78.0999984741211,26.89999961853028,2020-07-12 00:55:59.230463982,61.123370507802335
1594515366.8006191,77.80000305175781,26.799999237060547,2020-07-12 00:56:06.800619125,63.30529176735347
1594515372.212517,77.80000305175781,26.799999237060547,2020-07-12 00:56:12.212517023,65.78773454584976
1594515376.017531,77.80000305175781,26.799999237060547,2020-07-12 00:56:16.017530918,67.45296308817849
1594515380.3610156,77.80000305175781,26.89999961853028,2020-07-12 00:56:20.361015558,77.27583738067682
1594515385.2350008,77.69999694824219,26.799999237060547,2020-07-12 00:56:25.235000849,60.580122272375526
1594515389.577972,77.9000015258789,26.89999961853028,2020-07-12 00:56:29.577971935,60.17447949763923
1594515394.9906905,77.9000015258789,26.89999961853028,2020-07-12 00:56:34.990690470,58.55686766054048
1594515404.146377,77.9000015258789,26.799999237060547,2020-07-12 00:56:44.146377087,60.580122272375526
1594515412.231429,78.0,26.89999961853028,2020-07-12 00:56:52.231429100,60.17447949763923
1594515417.6458073,77.69999694824219,26.799999237060547,2020-07-12 00:56:57.645807266,58.96052813913401
1594515423.6381693,77.80000305175781,26.89999961853028,2020-07-12 00:57:03.638169289,60.580122272375526
1594515427.4516528,77.69999694824219,26.799999237060547,2020-07-12 00:57:07.451652765,70.25875149218706
1594515434.458347,77.9000015258789,26.89999961853028,2020-07-12 00:57:14.458347082,61.66750987641196
1594515440.408198,77.9000015258789,26.89999961853028,2020-07-12 00:57:20.408198118,70.54121684796989
1594515444.215154,77.9000015258789,26.89999961853028,2020-07-12 00:57:24.215153933,60.17447949763923
1594515451.2278647,77.9000015258789,26.799999237060547,2020-07-12 00:57:31.227864742,60.580122272375526
1594515455.569985,78.0,26.89999961853028,2020-07-12 00:57:35.569984913,70.82391732685657
1594515460.9810672,77.80000305175781,26.799999237060547,2020-07-12 00:57:40.981067181,67.17723218773038
1594515464.7875185,77.80000305175781,26.799999237060547,2020-07-12 00:57:44.787518501,63.30529176735347
1594515470.1999393,77.80000305175781,26.799999237060547,2020-07-12 00:57:50.199939251,63.30529176735347
1594515479.3557916,77.69999694824219,26.799999237060547,2020-07-12 00:57:59.355791569,60.580122272375526
1594515484.233071,77.80000305175781,26.89999961853028,2020-07-12 00:58:04.233071089,59.76933335395579
1594515488.5900493,77.80000305175781,26.799999237060547,2020-07-12 00:58:08.590049267,64.40867267813641
1594515495.0687315,77.80000305175781,26.799999237060547,2020-07-12 00:58:15.068731546,61.123370507802335
1594515500.4806511,77.9000015258789,26.799999237060547,2020-07-12 00:58:20.480651140,62.75846880390263
1594515505.3594968,77.9000015258789,26.799999237060547,2020-07-12 00:58:25.359496832,61.123370507802335
1594515509.169088,77.9000015258789,26.799999237060547,2020-07-12 00:58:29.169087887,60.17447949763923
1594515515.118464,77.9000015258789,26.799999237060547,2020-07-12 00:58:35.118463993,60.580122272375526
1594515519.4630508,77.9000015258789,26.799999237060547,2020-07-12 00:58:39.463050842,61.123370507802335
1594515527.5512755,77.9000015258789,26.799999237060547,2020-07-12 00:58:47.551275492,53.51134199164266
1594515533.4994333,78.19999694824219,26.799999237060547,2020-07-12 00:58:53.499433279,55.0927300463953
1594515538.9092767,78.69999694824219,26.89999961853028,2020-07-12 00:58:58.909276724,55.0927300463953
1594515545.9668136,78.5999984741211,26.799999237060547,2020-07-12 00:59:05.966813564,59.36468313588672
1594515555.1209402,78.4000015258789,26.799999237060547,2020-07-12 00:59:15.120940208,62.75846880390263
1594515564.2771032,78.0,26.799999237060547,2020-07-12 00:59:24.277103186,64.95820617407404
1594515569.6888902,77.9000015258789,26.799999237060547,2020-07-12 00:59:29.688890219,67.45296308817849
1594515575.637359,77.80000305175781,26.799999237060547,2020-07-12 00:59:35.637358904,64.13072720562816
1594515579.4450638,77.80000305175781,26.799999237060547,2020-07-12 00:59:39.445063829,56.95192589357734
1594515590.1989243,77.80000305175781,26.799999237060547,2020-07-12 00:59:50.198924303,60.580122272375526
1594515595.613682,77.69999694824219,26.799999237060547,2020-07-12 00:59:55.613682032,61.123370507802335
1594515604.8366077,77.80000305175781,26.89999961853028,2020-07-12 01:00:04.836607695,60.580122272375526
1594515620.6533113,77.5999984741211,26.799999237060547,2020-07-12 01:00:20.653311253,58.55686766054048
1594515625.0009844,77.5999984741211,26.89999961853028,2020-07-12 01:00:25.000984429,58.55686766054048
1594515628.805039,77.0,26.799999237060547,2020-07-12 01:00:28.805038929,61.123370507802335
1594515634.2179332,77.5999984741211,26.799999237060547,2020-07-12 01:00:34.217933178,62.21254207496539
1594515641.7706516,77.5999984741211,26.89999961853028,2020-07-12 01:00:41.770651579,61.66750987641196
1594515646.6495187,77.5999984741211,26.799999237060547,2020-07-12 01:00:46.649518728,51.93760380132317
1594515653.133,77.5,26.799999237060547,2020-07-12 01:00:53.132999897,51.93760380132317
1594515656.934919,77.5999984741211,26.799999237060547,2020-07-12 01:00:56.934919119,55.88630625744428
1594515665.0767548,77.5999984741211,26.89999961853028,2020-07-12 01:01:05.076754808,55.88630625744428
1594515668.8835063,77.30000305175781,26.799999237060547,2020-07-12 01:01:08.883506298,55.88630625744428
1594515672.6925604,77.5999984741211,26.89999961853028,2020-07-12 01:01:12.692560434,58.16754475861546
1594515680.24049,77.5999984741211,26.799999237060547,2020-07-12 01:01:20.240489960,58.02101657652793
1594515685.6452014,77.5999984741211,26.799999237060547,2020-07-12 01:01:25.645201445,58.55686766054048
1594515690.522534,77.5999984741211,26.89999961853028,2020-07-12 01:01:30.522533894,58.55686766054048
1594515694.330875,77.5999984741211,26.799999237060547,2020-07-12 01:01:34.330874920,58.55686766054048
1594515698.1341586,77.69999694824219,26.89999961853028,2020-07-12 01:01:38.134158611,59.36468313588672
1594515704.0792067,77.5999984741211,26.799999237060547,2020-07-12 01:01:44.079206705,60.17447949763923
1594515708.4219234,77.5999984741211,26.799999237060547,2020-07-12 01:01:48.421923399,63.30529176735347
1594515712.2297957,77.69999694824219,26.89999961853028,2020-07-12 01:01:52.229795694,67.45296308817849
1594515716.0374436,77.5999984741211,26.799999237060547,2020-07-12 01:01:56.037443638,62.21254207496539
1594515723.0917485,77.5999984741211,26.799999237060547,2020-07-12 01:02:03.091748476,70.3999547938763
1594515726.8964903,77.5999984741211,26.799999237060547,2020-07-12 01:02:06.896490335,92.71286369083708
1594515733.9175646,77.5999984741211,26.799999237060547,2020-07-12 01:02:13.917564631,58.55686766054048
1594515739.3300831,77.5999984741211,26.799999237060547,2020-07-12 01:02:19.330083132,70.25875149218706
1594515747.9606972,77.5999984741211,26.799999237060547,2020-07-12 01:02:27.960697174,67.45296308817849
1594515751.7668056,77.5999984741211,26.799999237060547,2020-07-12 01:02:31.766805649,69.6957298538372
1594515756.6394506,77.5999984741211,26.799999237060547,2020-07-12 01:02:36.639450550,68.57248610085304
1594515764.726801,77.5999984741211,26.799999237060547,2020-07-12 01:02:44.726800919,70.68253768283287
1594515769.6005354,77.5999984741211,26.799999237060547,2020-07-12 01:02:49.600535393,79.03806805809627
1594515773.9424622,77.5999984741211,26.799999237060547,2020-07-12 01:02:53.942462206,57.48603653508441
1594515777.748424,77.5999984741211,26.799999237060547,2020-07-12 01:02:57.748424053,58.96052813913401
1594515783.7451386,77.69999694824219,26.799999237060547,2020-07-12 01:03:03.745138645,61.66750987641196
1594515788.0862312,77.9000015258789,26.799999237060547,2020-07-12 01:03:08.086231232,64.95820617407404
1594515792.961913,77.69999694824219,26.799999237060547,2020-07-12 01:03:12.961913109,63.30529176735347
1594515797.8423083,77.9000015258789,26.799999237060547,2020-07-12 01:03:17.842308283,62.21254207496318
1594515802.1855898,77.69999694824219,26.799999237060547,2020-07-12 01:03:22.185589790,58.02101657652793
1594515806.0014355,77.69999694824219,26.799999237060547,2020-07-12 01:03:26.001435518,60.17447949763923
1594515811.9504428,77.69999694824219,26.799999237060547,2020-07-12 01:03:31.950442791,65.78773454584976
1594515815.7593527,77.69999694824219,26.799999237060547,2020-07-12 01:03:35.759352684,70.68253768283508
1594515821.699606,77.5999984741211,26.799999237060547,2020-07-12 01:03:41.699605942,67.45296308817849
1594515827.6518505,77.5999984741211,26.799999237060547,2020-07-12 01:03:47.651850462,58.55686766054048
1594515831.996113,77.5999984741211,26.799999237060547,2020-07-12 01:03:51.996113062,60.17447949763923
1594515840.623708,77.5999984741211,26.799999237060547,2020-07-12 01:04:00.623708010,64.13072720562816
1594515844.4305143,77.5999984741211,26.799999237060547,2020-07-12 01:04:04.430514336,72.67759898830352
1594515850.3853762,77.5999984741211,26.799999237060547,2020-07-12 01:04:10.385376215,61.123370507802335
1594515855.7966273,77.9000015258789,26.799999237060547,2020-07-12 01:04:15.796627283,60.580122272375526
1594515860.6827998,77.69999694824219,26.799999237060547,2020-07-12 01:04:20.682799816,58.55686766054048
1594515864.488194,77.69999694824219,26.799999237060547,2020-07-12 01:04:24.488193989,58.96052813913401
1594515869.9008706,77.9000015258789,26.799999237060547,2020-07-12 01:04:29.900870562,66.48384526948186
1594515874.7756023,77.69999694824219,26.799999237060547,2020-07-12 01:04:34.775602341,63.30529176735347
1594515882.323548,77.69999694824219,26.799999237060547,2020-07-12 01:04:42.323548079,60.580122272375526
1594515887.1962316,77.69999694824219,26.799999237060547,2020-07-12 01:04:47.196231604,62.21254207496539
1594515892.605661,77.5999984741211,26.799999237060547,2020-07-12 01:04:52.605660915,60.580122272375526
1594515896.949962,77.69999694824219,26.799999237060547,2020-07-12 01:04:56.949961901,60.580122272375526
1594515905.0689776,77.80000305175781,26.799999237060547,2020-07-12 01:05:05.068977594,60.580122272375526
1594515912.6194203,77.9000015258789,26.799999237060547,2020-07-12 01:05:12.619420290,60.580122272375526
1594515918.5695944,77.9000015258789,26.799999237060547,2020-07-12 01:05:18.569594383,60.580122272375526
1594515922.3806255,77.9000015258789,26.799999237060547,2020-07-12 01:05:22.380625486,60.580122272375526
1594515931.528858,77.9000015258789,26.799999237060547,2020-07-12 01:05:31.528857946,62.75846880390263
1594515936.941289,77.5999984741211,26.799999237060547,2020-07-12 01:05:36.941288948,63.30529176735347
1594515945.570192,77.5999984741211,26.799999237060547,2020-07-12 01:05:45.570192099,58.55686766054048
1594515950.4483569,77.5999984741211,26.799999237060547,2020-07-12 01:05:50.448356867,60.17447949763923
1594515955.8555243,77.5,26.799999237060547,2020-07-12 01:05:55.855524302,63.30529176735347
1594515960.2185092,77.5999984741211,26.799999237060547,2020-07-12 01:06:00.218509197,62.21254207496539
1594515964.5599952,77.5999984741211,26.799999237060547,2020-07-12 01:06:04.559995174,61.66750987641196
1594515969.9680746,77.5,26.799999237060547,2020-07-12 01:06:09.968074560,60.580122272375526
1594515976.9907346,77.5999984741211,26.799999237060547,2020-07-12 01:06:16.990734577,59.36468313588672
1594515981.866525,77.5999984741211,26.799999237060547,2020-07-12 01:06:21.866524935,62.08558643064986
1594515986.2116857,77.5999984741211,26.799999237060547,2020-07-12 01:06:26.211685658,63.30529176735347
1594515993.760857,77.5999984741211,26.799999237060547,2020-07-12 01:06:33.760857105,57.222263120051245
1594515998.6349251,77.69999694824219,26.799999237060547,2020-07-12 01:06:38.634925127,60.580122272375526
1594516004.5807903,77.5999984741211,26.799999237060547,2020-07-12 01:06:44.580790281,60.580122272375526
1594516009.4564264,77.5999984741211,26.799999237060547,2020-07-12 01:06:49.456426382,58.55686766054048
1594516015.936809,77.69999694824219,26.799999237060547,2020-07-12 01:06:55.936809063,62.75846880390263
1594516020.2824922,77.5999984741211,26.799999237060547,2020-07-12 01:07:00.282492161,61.123370507802335
1594516025.157204,77.5999984741211,26.799999237060547,2020-07-12 01:07:05.157203913,63.30529176735347
1594516028.964883,77.5999984741211,26.799999237060547,2020-07-12 01:07:08.964883089,58.55686766054048
1594516034.3772235,77.5999984741211,26.799999237060547,2020-07-12 01:07:14.377223492,63.30529176735347
1594516040.8581364,77.69999694824219,26.799999237060547,2020-07-12 01:07:20.858136415,64.95820617407404
1594516045.2010553,77.69999694824219,26.799999237060547,2020-07-12 01:07:25.201055288,63.30529176735347
1594516049.542826,77.69999694824219,26.799999237060547,2020-07-12 01:07:29.542825937,64.13072720562816
1594516057.0922208,77.69999694824219,26.799999237060547,2020-07-12 01:07:37.092220783,62.21254207496539
1594516062.5000143,77.69999694824219,26.799999237060547,2020-07-12 01:07:42.500014305,76.2878554941271
1594516067.9179375,77.69999694824219,26.799999237060547,2020-07-12 01:07:47.917937517,64.95820617407404
1594516072.263435,77.80000305175781,26.799999237060547,2020-07-12 01:07:52.263434887,58.96052813913401
1594516077.136416,77.80000305175781,26.799999237060547,2020-07-12 01:07:57.136415958,69.13364198894133
1594516085.267099,77.80000305175781,26.799999237060547,2020-07-12 01:08:05.267098904,70.54121684796989
1594516092.8124366,77.69999694824219,26.799999237060547,2020-07-12 01:08:12.812436581,63.30529176735347
1594516097.6895852,77.69999694824219,26.799999237060547,2020-07-12 01:08:17.689585209,63.03996123033391
1594516105.2382188,77.69999694824219,26.799999237060547,2020-07-12 01:08:25.238218784,61.66750987641196
1594516111.180361,77.69999694824219,26.799999237060547,2020-07-12 01:08:31.180361032,63.30529176735347
1594516118.1904671,77.69999694824219,26.799999237060547,2020-07-12 01:08:38.190467119,64.13072720562816
1594516121.9969163,77.80000305175781,26.799999237060547,2020-07-12 01:08:41.996916294,64.13072720562816
1594516126.343378,77.5999984741211,26.799999237060547,2020-07-12 01:08:46.343378067,58.96052813913401
1594516132.2936578,77.5999984741211,26.799999237060547,2020-07-12 01:08:52.293657780,61.123370507802335
1594516136.099719,77.5999984741211,26.799999237060547,2020-07-12 01:08:56.099719048,62.75846880390263
1594516139.9088752,77.5999984741211,26.799999237060547,2020-07-12 01:08:59.908875227,60.17447949763923
1594516145.314525,77.5999984741211,26.799999237060547,2020-07-12 01:09:05.314524889,61.123370507802335
1594516149.660487,78.0999984741211,26.799999237060547,2020-07-12 01:09:09.660486937,59.76933335395579
1594516153.470485,77.5999984741211,26.799999237060547,2020-07-12 01:09:13.470484972,60.17447949763923
1594516161.5588503,77.69999694824219,26.799999237060547,2020-07-12 01:09:21.558850288,62.48889306496808
1594516167.5058768,77.80000305175781,26.799999237060547,2020-07-12 01:09:27.505876780,63.30529176735347
1594516172.387022,77.69999694824219,26.799999237060547,2020-07-12 01:09:32.387022018,63.30529176735347
1594516178.8705034,77.69999694824219,26.799999237060547,2020-07-12 01:09:38.870503426,62.21254207496539
1594516183.2116704,77.69999694824219,26.799999237060547,2020-07-12 01:09:43.211670399,63.30529176735347
1594516187.5540986,77.69999694824219,26.799999237060547,2020-07-12 01:09:47.554098606,66.61931821332875
1594516194.0368135,77.69999694824219,26.799999237060547,2020-07-12 01:09:54.036813498,63.30529176735347
1594516199.9823663,77.5999984741211,26.799999237060547,2020-07-12 01:09:59.982366323,64.95820617407404
1594516205.4355962,77.5999984741211,26.799999237060547,2020-07-12 01:10:05.435596228,67.45296308817849
1594516209.2467136,77.5999984741211,26.799999237060547,2020-07-12 01:10:09.246713638,68.01226039686158
1594516214.1319337,77.69999694824219,26.799999237060547,2020-07-12 01:10:14.131933689,71.95950970347886
1594516218.473946,74.4000015258789,26.799999237060547,2020-07-12 01:10:18.473946095,58.4240207425411
1594516222.282967,73.9000015258789,26.799999237060547,2020-07-12 01:10:22.282967091,60.580122272375526
1594516226.0905235,73.0,26.700000762939453,2020-07-12 01:10:26.090523481,67.45296308817849
1594516230.9680135,74.30000305175781,26.700000762939453,2020-07-12 01:10:30.968013525,59.76933335395579
1594516236.9164708,75.0999984741211,26.700000762939453,2020-07-12 01:10:36.916470766,60.580122272375526
1594516242.3258476,75.5999984741211,26.700000762939453,2020-07-12 01:10:42.325847626,60.580122272375526
1594516247.2064552,76.0,26.700000762939453,2020-07-12 01:10:47.206455231,63.30529176735347
1594516260.9410317,76.0999984741211,26.700000762939453,2020-07-12 01:11:00.941031694,68.71298807831975
1594516277.2999628,75.5,26.700000762939453,2020-07-12 01:11:17.299962759,81.97079717551941
1594516284.3157296,76.0,26.700000762939453,2020-07-12 01:11:24.315729618,64.95820617407624
1594516292.3984177,75.30000305175781,26.799999237060547,2020-07-12 01:11:32.398417711,59.76933335395579
1594516304.4849298,75.30000305175781,26.799999237060547,2020-07-12 01:11:44.484929800,60.580122272375526
1594516312.5918758,75.69999694824219,26.799999237060547,2020-07-12 01:11:52.591875792,59.36468313588672
1594516316.3989074,75.69999694824219,26.799999237060547,2020-07-12 01:11:56.398907423,58.55686766054048
1594516321.308298,76.19999694824219,26.799999237060547,2020-07-12 01:12:01.308298111,60.72296667723072
1594516326.1800551,76.30000305175781,26.799999237060547,2020-07-12 01:12:06.180055141,59.36468313588672
1594516331.055484,76.30000305175781,26.799999237060547,2020-07-12 01:12:11.055484056,59.76933335395579
1594516336.4707398,76.30000305175781,26.799999237060547,2020-07-12 01:12:16.470739841,60.580122272375526
1594516342.9509568,76.30000305175781,26.799999237060547,2020-07-12 01:12:22.950956821,58.96052813913401
1594516351.0292833,76.0,26.799999237060547,2020-07-12 01:12:31.029283285,60.17447949763923
1594516355.9133637,75.69999694824219,26.700000762939453,2020-07-12 01:12:35.913363695,62.49357316902412
1594516363.4665997,75.69999694824219,26.700000762939453,2020-07-12 01:12:43.466599703,60.580122272375526
1594516367.8098347,75.80000305175781,26.799999237060547,2020-07-12 01:12:47.809834719,58.55686766054048
1594516372.695242,75.69999694824219,26.799999237060547,2020-07-12 01:12:52.695241928,55.88630625744428
1594516377.038828,75.69999694824219,26.700000762939453,2020-07-12 01:12:57.038827896,55.88630625744428
1594516380.8454664,75.69999694824219,26.700000762939453,2020-07-12 01:13:00.845466375,56.95192589357955
1594516390.5279574,76.19999694824219,26.799999237060547,2020-07-12 01:13:10.527957439,63.30529176735347
1594516401.2823875,76.30000305175781,26.799999237060547,2020-07-12 01:13:21.282387495,67.45296308817849
1594516405.0902925,76.4000015258789,26.799999237060547,2020-07-12 01:13:25.090292454,70.68253768283508
1594516408.8993025,76.4000015258789,26.799999237060547,2020-07-12 01:13:28.899302483,70.82391732685657
1594516413.7747135,76.5,26.700000762939453,2020-07-12 01:13:33.774713516,71.14694724719286
1594516419.1867456,76.5,26.700000762939453,2020-07-12 01:13:39.186745644,60.580122272375526
1594516424.5963547,76.5999984741211,26.700000762939453,2020-07-12 01:13:44.596354723,64.95820617407404
1594516437.2061932,76.5,26.700000762939453,2020-07-12 01:13:57.206193209,63.30529176735347
1594516444.8501978,76.5999984741211,26.700000762939453,2020-07-12 01:14:04.850197792,65.6525964849139
1594516449.7282796,76.5999984741211,26.700000762939453,2020-07-12 01:14:09.728279591,68.01226039686158
1594516454.6102562,76.69999694824219,26.700000762939453,2020-07-12 01:14:14.610256195,70.25875149218706
1594516463.761267,76.80000305175781,26.700000762939453,2020-07-12 01:14:23.761266947,60.580122272375526
1594516469.7068906,77.0999984741211,26.700000762939453,2020-07-12 01:14:29.706890583,67.45296308817849
1594516481.7992928,77.4000015258789,26.700000762939453,2020-07-12 01:14:41.799292803,51.93760380132317
1594516487.7466085,77.80000305175781,26.799999237060547,2020-07-12 01:14:47.746608496,51.93760380132317
1594516492.6231906,77.80000305175781,26.799999237060547,2020-07-12 01:14:52.623190641,56.15576594325328
1594516496.4306333,78.0999984741211,26.700000762939453,2020-07-12 01:14:56.430633307,58.55686766054048
1594516506.6813035,77.19999694824219,26.700000762939453,2020-07-12 01:15:06.681303501,62.75846880390263
1594516513.1589987,76.9000015258789,26.700000762939453,2020-07-12 01:15:13.158998728,58.55686766054048
1594516516.9670513,76.9000015258789,26.700000762939453,2020-07-12 01:15:16.967051268,62.75846880390263
1594516526.1167943,76.80000305175781,26.799999237060547,2020-07-12 01:15:26.116794348,59.76933335395579
1594516529.9242787,76.69999694824219,26.700000762939453,2020-07-12 01:15:29.924278736,63.30529176735347
1594516535.3396106,76.69999694824219,26.700000762939453,2020-07-12 01:15:35.339610577,59.36468313588672
1594516545.5656211,76.5999984741211,26.700000762939453,2020-07-12 01:15:45.565621138,59.36468313588672
1594516549.9139802,76.5,26.700000762939453,2020-07-12 01:15:49.913980246,65.78773454584976
1594516553.7214963,76.5,26.700000762939453,2020-07-12 01:15:53.721496344,61.66750987641196
1594516558.5988076,76.5,26.700000762939453,2020-07-12 01:15:58.598807573,63.30529176735347
1594516572.8410954,76.4000015258789,26.700000762939453,2020-07-12 01:16:12.841095448,69.13364198894133
1594516577.7180965,76.4000015258789,26.700000762939453,2020-07-12 01:16:17.718096495,67.0415344946604
1594516581.5259216,76.5999984741211,26.700000762939453,2020-07-12 01:16:21.525921583,66.61931821332875
1594516586.4000523,76.5,26.700000762939453,2020-07-12 01:16:26.400052309,73.38802534245305
1594516591.8253918,76.5999984741211,26.700000762939453,2020-07-12 01:16:31.825391769,76.12005248155802
1594516598.8353045,76.69999694824219,26.700000762939453,2020-07-12 01:16:38.835304499,60.17447949763923
1594516605.8593023,77.0,26.700000762939453,2020-07-12 01:16:45.859302282,68.57248610085304
1594516610.7371404,76.80000305175781,26.799999237060547,2020-07-12 01:16:50.737140417,66.61931821332875
1594516617.2275236,76.69999694824219,26.700000762939453,2020-07-12 01:16:57.227523565,69.13364198894133
1594516634.7174284,76.5999984741211,26.700000762939453,2020-07-12 01:17:14.717428446,65.78773454584976
1594516643.877195,76.5,26.700000762939453,2020-07-12 01:17:23.877194881,69.55602350302541
1594516649.2916682,76.5,26.700000762939453,2020-07-12 01:17:29.291668177,67.17723218773038
1594516655.7767243,76.5,26.700000762939453,2020-07-12 01:17:35.776724339,67.45296308817849
1594516660.6552637,76.5,26.700000762939453,2020-07-12 01:17:40.655263662,68.01226039686158
1594516666.067022,76.5,26.700000762939453,2020-07-12 01:17:46.067022084,68.01226039686158
1594516673.621621,76.5999984741211,26.700000762939453,2020-07-12 01:17:53.621620893,63.30529176735347
1594516677.4266346,76.5999984741211,26.700000762939453,2020-07-12 01:17:57.426634550,60.17447949763923
1594516682.890249,76.5999984741211,26.700000762939453,2020-07-12 01:18:02.890249014,70.5436367574987
1594516687.7803328,76.5999984741211,26.700000762939453,2020-07-12 01:18:07.780332804,62.21254207496318
1594516693.726739,76.5999984741211,26.700000762939453,2020-07-12 01:18:13.726738930,65.78773454584976
1594516697.5348706,76.5999984741211,26.700000762939453,2020-07-12 01:18:17.534870625,64.13072720562816
1594516702.9490788,76.69999694824219,26.700000762939453,2020-07-12 01:18:22.949078798,60.580122272375526
1594516715.5803082,76.5999984741211,26.700000762939453,2020-07-12 01:18:35.580308199,62.48889306496808
1594516719.9298463,76.0,26.700000762939453,2020-07-12 01:18:39.929846287,60.31125202452048
1594516727.4852946,76.69999694824219,26.700000762939453,2020-07-12 01:18:47.485294580,61.123370507802335
1594516731.827301,76.69999694824219,26.700000762939453,2020-07-12 01:18:51.827301025,62.75846880390263
1594516742.5887432,76.80000305175781,26.700000762939453,2020-07-12 01:19:02.588743210,63.30529176735347
1594516747.9970293,76.80000305175781,26.700000762939453,2020-07-12 01:19:07.997029305,65.78773454584976
1594516752.8796482,76.69999694824219,26.700000762939453,2020-07-12 01:19:12.879648209,63.30529176735347
1594516757.7607892,76.69999694824219,26.700000762939453,2020-07-12 01:19:17.760789156,67.45296308817849
1594516761.5651708,76.69999694824219,26.700000762939453,2020-07-12 01:19:21.565170765,61.66750987641196
1594516765.906949,76.69999694824219,26.700000762939453,2020-07-12 01:19:25.906949043,65.78773454584976
1594516773.4540532,76.69999694824219,26.700000762939453,2020-07-12 01:19:33.454053164,55.88630625744428
1594516777.261119,76.80000305175781,26.700000762939453,2020-07-12 01:19:37.261118889,62.21254207496318
1594516782.1393166,76.69999694824219,26.700000762939453,2020-07-12 01:19:42.139316559,61.66750987641196
1594516786.4820826,76.80000305175781,26.700000762939453,2020-07-12 01:19:46.482082605,62.75846880390263
1594516791.3678944,76.80000305175781,26.700000762939453,2020-07-12 01:19:51.367894411,61.123370507802335
1594516795.1775763,76.80000305175781,26.700000762939453,2020-07-12 01:19:55.177576303,58.55686766054048
1594516799.5188148,76.80000305175781,26.700000762939453,2020-07-12 01:19:59.518814801,63.58255092003036
1594516803.3485012,76.80000305175781,26.700000762939453,2020-07-12 01:20:03.348501205,61.123370507802335
1594516807.1670682,76.80000305175781,26.700000762939453,2020-07-12 01:20:07.167068243,64.13072720562816
1594516819.2526965,76.80000305175781,26.700000762939453,2020-07-12 01:20:19.252696513,59.36468313588672
1594516827.3401368,76.80000305175781,26.700000762939453,2020-07-12 01:20:27.340136766,67.17723218773038
1594516853.5877235,76.5,26.700000762939453,2020-07-12 01:20:53.587723494,51.93760380132317
1594516860.6073823,76.4000015258789,26.700000762939453,2020-07-12 01:21:00.607382298,53.6479243456134
1594516864.955794,76.5,26.700000762939453,2020-07-12 01:21:04.955794096,51.93760380132317
1594516872.5062928,76.5999984741211,26.700000762939453,2020-07-12 01:21:12.506292820,51.93760380132317
1594516877.9195075,76.69999694824219,26.700000762939453,2020-07-12 01:21:17.919507504,52.72351935170194
1594516881.7303028,76.69999694824219,26.700000762939453,2020-07-12 01:21:21.730302811,51.93760380132317
1594516891.4259827,76.69999694824219,26.700000762939453,2020-07-12 01:21:31.425982714,55.88630625744428
1594516901.115415,76.9000015258789,26.700000762939453,2020-07-12 01:21:41.115415096,56.41868301289716
1594516905.459903,76.69999694824219,26.700000762939453,2020-07-12 01:21:45.459903002,56.15576594325328
1594516910.8703923,76.69999694824219,26.700000762939453,2020-07-12 01:21:50.870392323,60.17447949763923
1594516915.211989,76.69999694824219,26.700000762939453,2020-07-12 01:21:55.211988926,61.66750987641196
1594516919.0205994,77.0999984741211,26.700000762939453,2020-07-12 01:21:59.020599365,62.75846880390263
1594516922.8296826,76.69999694824219,26.700000762939453,2020-07-12 01:22:02.829682589,69.6957298538372
1594516929.330539,77.0999984741211,26.700000762939453,2020-07-12 01:22:09.330538988,63.30529176735347
1594516933.137352,77.0999984741211,26.700000762939453,2020-07-12 01:22:13.137351990,84.27862782417715
1594516942.2897537,76.80000305175781,26.700000762939453,2020-07-12 01:22:22.289753675,48.698406270339966
1594516946.1051311,76.80000305175781,26.700000762939453,2020-07-12 01:22:26.105131149,48.698406270339966
1594516950.9808223,76.9000015258789,26.700000762939453,2020-07-12 01:22:30.980822325,48.698406270339966
1594516958.529168,76.9000015258789,26.700000762939453,2020-07-12 01:22:38.529167890,50.640775902868526
1594516966.620019,76.80000305175781,26.700000762939453,2020-07-12 01:22:46.620018959,53.51134199164266
1594516970.4302874,76.80000305175781,26.700000762939453,2020-07-12 01:22:50.430287361,55.88630625744428
1594516977.9865108,76.80000305175781,26.700000762939453,2020-07-12 01:22:57.986510754,55.88630625744428
1594516983.9882305,76.80000305175781,26.700000762939453,2020-07-12 01:23:03.988230467,58.96373446990392
1594516991.0008788,76.80000305175781,26.700000762939453,2020-07-12 01:23:11.000878811,59.24059729360983
1594516996.412062,76.80000305175781,26.700000762939453,2020-07-12 01:23:16.412061930,60.580122272375526
1594517002.3687935,77.0,26.700000762939453,2020-07-12 01:23:22.368793488,61.66750987641196
1594517007.2476954,77.30000305175781,26.700000762939453,2020-07-12 01:23:27.247695446,59.36468313588672
1594517013.195841,77.19999694824219,26.700000762939453,2020-07-12 01:23:33.195841074,74.96563681629492
1594517022.890062,77.5,26.700000762939453,2020-07-12 01:23:42.890062094,65.78773454584976
1594517026.6980567,77.5,26.700000762939453,2020-07-12 01:23:46.698056698,62.48889306496808
1594517030.5058825,77.4000015258789,26.700000762939453,2020-07-12 01:23:50.505882501,58.96052813913401
1594517035.9213822,77.19999694824219,26.700000762939453,2020-07-12 01:23:55.921382189,58.55686766054048
1594517040.2878838,77.19999694824219,26.700000762939453,2020-07-12 01:24:00.287883759,63.30529176735347
1594517047.3103385,77.0,26.700000762939453,2020-07-12 01:24:07.310338497,57.48603653508441
1594517054.8576508,76.9000015258789,26.700000762939453,2020-07-12 01:24:14.857650757,55.88630625744428
1594517059.1994448,76.9000015258789,26.700000762939453,2020-07-12 01:24:19.199444771,55.0927300463953
1594517064.6141353,76.9000015258789,26.700000762939453,2020-07-12 01:24:24.614135265,58.02101657652793
1594517070.5584838,76.9000015258789,26.700000762939453,2020-07-12 01:24:30.558483839,58.55686766054048
1594517079.1906638,76.9000015258789,26.700000762939453,2020-07-12 01:24:39.190663815,55.88630625744428
1594517083.0005963,76.9000015258789,26.700000762939453,2020-07-12 01:24:43.000596285,58.55686766054048
1594517091.0856829,76.9000015258789,26.700000762939453,2020-07-12 01:24:51.085682869,58.55686766054048
1594517097.0283878,76.9000015258789,26.700000762939453,2020-07-12 01:24:57.028387785,63.30529176735347
1594517101.927117,77.0,26.700000762939453,2020-07-12 01:25:01.927117109,62.21254207496318
1594517105.7337227,76.9000015258789,26.700000762939453,2020-07-12 01:25:05.733722687,58.55686766054048
1594517109.5612502,76.9000015258789,26.700000762939453,2020-07-12 01:25:09.561250210,62.75846880390263
1594517114.4347894,76.9000015258789,26.700000762939453,2020-07-12 01:25:14.434789419,58.02101657652793
1594517120.3824196,76.9000015258789,26.700000762939453,2020-07-12 01:25:20.382419586,60.580122272375526
1594517125.7913942,76.9000015258789,26.700000762939453,2020-07-12 01:25:25.791394234,59.76933335395579
1594517129.6011033,76.9000015258789,26.700000762939453,2020-07-12 01:25:29.601103306,60.580122272375526
1594517133.4099562,76.9000015258789,26.700000762939453,2020-07-12 01:25:33.409956217,60.17447949763923
1594517139.3566253,77.0999984741211,26.700000762939453,2020-07-12 01:25:39.356625319,61.123370507802335
1594517143.698797,77.0,26.700000762939453,2020-07-12 01:25:43.698796988,62.49357316902412
1594517147.506558,77.0,26.700000762939453,2020-07-12 01:25:47.506557940,55.88630625744428
1594517153.9877124,77.0,26.700000762939453,2020-07-12 01:25:53.987712383,51.93760380132317
1594517157.795747,77.0,26.700000762939453,2020-07-12 01:25:57.795747042,51.93760380132317
1594517161.6085718,77.0,26.700000762939453,2020-07-12 01:26:01.608571768,51.93760380132317
1594517168.1252046,77.0,26.700000762939453,2020-07-12 01:26:08.125204562,51.93760380132317
1594517172.467272,77.0,26.700000762939453,2020-07-12 01:26:12.467272043,55.88630625744428
1594517185.630375,76.9000015258789,26.700000762939453,2020-07-12 01:26:25.630374908,55.88630625744428
1594517192.1066537,76.9000015258789,26.700000762939453,2020-07-12 01:26:32.106653690,55.88630625744428
1594517196.4506428,76.9000015258789,26.700000762939453,2020-07-12 01:26:36.450642824,51.93760380132317
1594517201.3271303,76.9000015258789,26.700000762939453,2020-07-12 01:26:41.327130318,55.88630625744428
1594517208.3403056,76.9000015258789,26.700000762939453,2020-07-12 01:26:48.340305567,58.02101657652793
1594517212.1455548,76.9000015258789,26.700000762939453,2020-07-12 01:26:52.145554781,55.62381615044904
1594517217.0215042,77.0,26.700000762939453,2020-07-12 01:26:57.021504164,60.17447949763923
1594517222.9951868,77.0999984741211,26.700000762939453,2020-07-12 01:27:02.995186806,55.88630625744428
1594517227.3384373,77.0,26.700000762939453,2020-07-12 01:27:07.338437319,58.55686766054048
1594517236.4882686,77.0,26.700000762939453,2020-07-12 01:27:16.488268614,61.123370507802335
1594517242.436231,77.0,26.700000762939453,2020-07-12 01:27:22.436230898,60.580122272375526
1594517246.2499382,77.0,26.700000762939453,2020-07-12 01:27:26.249938250,58.96052813913401
1594517256.4754798,77.0,26.700000762939453,2020-07-12 01:27:36.475479841,61.66750987641196
1594517261.3529758,76.9000015258789,26.700000762939453,2020-07-12 01:27:41.352975845,58.55686766054048
1594517265.1609397,76.9000015258789,26.700000762939453,2020-07-12 01:27:45.160939693,60.17447949763923
1594517270.0335622,77.0,26.700000762939453,2020-07-12 01:27:50.033562183,58.96052813913401
1594517273.8407829,77.0,26.700000762939453,2020-07-12 01:27:53.840782881,56.95192589357734
1594517277.653963,77.0,26.700000762939453,2020-07-12 01:27:57.653963089,57.48603653508441
1594517287.3781734,77.0999984741211,26.700000762939453,2020-07-12 01:28:07.378173351,58.96052813913401
1594517294.3913848,77.0999984741211,26.700000762939453,2020-07-12 01:28:14.391384840,53.25075523229504
1594517300.869134,77.0,26.700000762939453,2020-07-12 01:28:20.869133949,54.30107709338529
1594517305.209314,77.19999694824219,26.700000762939453,2020-07-12 01:28:25.209314108,55.88630625744428
1594517310.6213646,77.5999984741211,26.700000762939453,2020-07-12 01:28:30.621364594,55.88630625744428
1594517316.0313864,77.5,26.700000762939453,2020-07-12 01:28:36.031386375,56.41868301289502
1594517319.8406143,77.5,26.700000762939453,2020-07-12 01:28:39.840614319,51.93760380132317
1594517327.389393,77.30000305175781,26.700000762939453,2020-07-12 01:28:47.389393091,55.88630625744428
1594517331.198544,77.30000305175781,26.700000762939453,2020-07-12 01:28:51.198544025,55.88630625744428
1594517338.7487314,77.19999694824219,26.700000762939453,2020-07-12 01:28:58.748731375,55.88630625744428
1594517345.2950902,77.80000305175781,26.700000762939453,2020-07-12 01:29:05.295090199,53.51134199164266
1594517349.1012125,77.30000305175781,26.700000762939453,2020-07-12 01:29:09.101212502,51.93760380132317
1594517359.3199327,77.0999984741211,26.700000762939453,2020-07-12 01:29:19.319932699,51.93760380132317
1594517363.661471,77.0999984741211,26.700000762939453,2020-07-12 01:29:23.661470890,51.93760380132317
1594517368.007086,77.0999984741211,26.700000762939453,2020-07-12 01:29:28.007086039,51.93760380132317
1594517372.3497272,77.0999984741211,26.700000762939453,2020-07-12 01:29:32.349727154,51.93760380132317
1594517376.6935213,77.0999984741211,26.700000762939453,2020-07-12 01:29:36.693521261,49.34255570032629
1594517389.3300571,77.0,26.700000762939453,2020-07-12 01:29:49.330057144,51.93760380132317
1594517393.1382897,77.0,26.700000762939453,2020-07-12 01:29:53.138289690,49.85989849551007
1594517398.5490966,77.19999694824219,26.700000762939453,2020-07-12 01:29:58.549096584,50.37807314897618
1594517407.2267263,77.19999694824219,26.600000381469727,2020-07-12 01:30:07.226726294,52.72351935170194
1594517412.099331,77.19999694824219,26.700000762939453,2020-07-12 01:30:12.099330902,51.93760380132317
1594517418.044324,77.30000305175781,26.700000762939453,2020-07-12 01:30:18.044323921,55.88630625744428
1594517422.923336,77.19999694824219,26.700000762939453,2020-07-12 01:30:22.923336029,52.72351935170194
1594517427.2650695,77.19999694824219,26.700000762939453,2020-07-12 01:30:27.265069485,51.93760380132317
1594517435.8981109,77.19999694824219,26.700000762939453,2020-07-12 01:30:35.898110867,51.41692424435619
1594517445.0555415,77.0999984741211,26.700000762939453,2020-07-12 01:30:45.055541515,51.41692424435619
1594517450.9990554,77.0999984741211,26.700000762939453,2020-07-12 01:30:50.999055386,51.93760380132317
1594517455.875101,77.19999694824219,26.700000762939453,2020-07-12 01:30:55.875101089,51.93760380132317
1594517460.781219,77.19999694824219,26.700000762939453,2020-07-12 01:31:00.781219006,49.34255570032629
1594517465.1295953,77.19999694824219,26.700000762939453,2020-07-12 01:31:05.129595280,49.85989849551007
1594517471.608192,77.19999694824219,26.700000762939453,2020-07-12 01:31:11.608191967,49.85989849551007
1594517477.5448806,77.0999984741211,26.700000762939453,2020-07-12 01:31:17.544880629,50.37807314897618
1594517488.8354392,77.0,26.600000381469727,2020-07-12 01:31:28.835439205,51.93760380132317
1594517495.317741,77.0,26.700000762939453,2020-07-12 01:31:35.317740917,51.41692424435619
1594517503.9359972,77.0,26.700000762939453,2020-07-12 01:31:43.935997248,51.93760380132317
1594517510.4157507,77.0,26.700000762939453,2020-07-12 01:31:50.415750742,51.93760380132317
1594517514.7590888,77.0,26.700000762939453,2020-07-12 01:31:54.759088755,51.41692424435619
1594517520.1932206,76.9000015258789,26.600000381469727,2020-07-12 01:32:00.193220615,51.93760380132317
1594517524.557307,77.0,26.700000762939453,2020-07-12 01:32:04.557307005,51.41692424435619
1594517528.895304,77.0,26.700000762939453,2020-07-12 01:32:08.895303965,51.93760380132317
1594517533.7660036,77.0,26.700000762939453,2020-07-12 01:32:13.766003609,51.93760380132317
1594517542.919802,77.0999984741211,26.700000762939453,2020-07-12 01:32:22.919801950,51.93760380132317
1594517546.7269056,77.19999694824219,26.700000762939453,2020-07-12 01:32:26.726905584,51.93760380132317
1594517551.078921,77.0999984741211,26.700000762939453,2020-07-12 01:32:31.078921080,52.72351935170194
1594517554.885913,77.0999984741211,26.700000762939453,2020-07-12 01:32:34.885912895,51.93760380132317
1594517559.2329133,77.0999984741211,26.700000762939453,2020-07-12 01:32:39.232913256,51.93760380132317
1594517565.7115362,77.0,26.700000762939453,2020-07-12 01:32:45.711536169,51.93760380132317
1594517570.596057,77.0,26.700000762939453,2020-07-12 01:32:50.596056938,51.93760380132317
1594517574.940755,77.0,26.700000762939453,2020-07-12 01:32:54.940754890,51.93760380132317
1594517579.8159966,77.0999984741211,26.700000762939453,2020-07-12 01:32:59.815996647,50.8970812133
1594517587.901266,77.0,26.600000381469727,2020-07-12 01:33:07.901266098,51.93760380132317
1594517591.7051694,77.0,26.600000381469727,2020-07-12 01:33:11.705169439,51.93760380132317
1594517596.047727,77.0999984741211,26.700000762939453,2020-07-12 01:33:16.047727108,52.72351935170194
1594517599.8576505,77.0999984741211,26.700000762939453,2020-07-12 01:33:19.857650518,51.93760380132317
1594517604.200142,77.0999984741211,26.700000762939453,2020-07-12 01:33:24.200141907,48.955911208275324
1594517609.0771246,77.0,26.700000762939453,2020-07-12 01:33:29.077124596,49.34255570032629
1594517615.0247598,77.0,26.700000762939453,2020-07-12 01:33:35.024759769,49.34255570032629
1594517619.3665802,77.0,26.700000762939453,2020-07-12 01:33:39.366580248,49.34255570032629
1594517625.3076825,77.0,26.700000762939453,2020-07-12 01:33:45.307682514,51.93760380132317
1594517630.730456,77.0,26.700000762939453,2020-07-12 01:33:50.730456114,51.93760380132317
1594517635.0740702,77.0,26.700000762939453,2020-07-12 01:33:55.074070215,49.21362255962314
1594517639.9485989,77.0,26.700000762939453,2020-07-12 01:33:59.948598862,50.8970812133
1594517644.8541355,77.0999984741211,26.700000762939453,2020-07-12 01:34:04.854135513,51.93760380132317
1594517649.1954849,77.0,26.600000381469727,2020-07-12 01:34:09.195484877,51.93760380132317
1594517655.1426115,77.0,26.700000762939453,2020-07-12 01:34:15.142611504,51.41692424435619
1594517660.0177171,76.9000015258789,26.600000381469727,2020-07-12 01:34:20.017717123,50.8970812133
1594517666.498505,76.9000015258789,26.600000381469727,2020-07-12 01:34:26.498505116,51.93760380132317
1594517670.8359606,76.9000015258789,26.600000381469727,2020-07-12 01:34:30.835960627,51.93760380132317
1594517674.6423166,76.9000015258789,26.600000381469727,2020-07-12 01:34:34.642316580,49.85989849551007
1594517678.4481387,77.0999984741211,26.700000762939453,2020-07-12 01:34:38.448138714,49.85989849551007
1594517685.998777,77.0,26.600000381469727,2020-07-12 01:34:45.998776913,49.21362255962314
1594517689.803267,77.0,26.600000381469727,2020-07-12 01:34:49.803267002,49.34255570032629
1594517700.019348,77.0,26.600000381469727,2020-07-12 01:35:00.019347906,49.85989849551007
1594517704.3608463,77.0,26.600000381469727,2020-07-12 01:35:04.360846281,49.34255570032629
1594517709.2359557,77.0,26.600000381469727,2020-07-12 01:35:09.235955715,49.34255570032629
1594517713.5775857,77.19999694824219,26.600000381469727,2020-07-12 01:35:13.577585697,49.34255570032629
1594517717.9199395,77.4000015258789,26.600000381469727,2020-07-12 01:35:17.919939518,49.34255570032629
1594517722.7968247,77.9000015258789,26.600000381469727,2020-07-12 01:35:22.796824694,49.34255570032629
1594517727.6762116,77.80000305175781,26.600000381469727,2020-07-12 01:35:27.676211596,49.34255570032629
1594517731.4849024,77.9000015258789,26.700000762939453,2020-07-12 01:35:31.484902382,49.34255570032629
1594517736.3628793,77.5999984741211,26.600000381469727,2020-07-12 01:35:36.362879276,48.955911208275324
1594517740.7053514,77.5,26.600000381469727,2020-07-12 01:35:40.705351353,48.82713294962503
1594517745.5810072,77.4000015258789,26.600000381469727,2020-07-12 01:35:45.581007242,48.698406270339966
1594517752.5969658,77.4000015258789,26.600000381469727,2020-07-12 01:35:52.596965790,48.698406270339966
1594517760.6795647,77.4000015258789,26.600000381469727,2020-07-12 01:36:00.679564714,47.67638119474218
1594517765.037657,77.5,26.700000762939453,2020-07-12 01:36:05.037657022,49.21362255962314
1594517772.5890615,77.5,26.600000381469727,2020-07-12 01:36:12.589061499,49.34255570032629
1594517776.937007,77.4000015258789,26.600000381469727,2020-07-12 01:36:16.937006950,49.34255570032629
1594517780.7427456,77.4000015258789,26.600000381469727,2020-07-12 01:36:20.742745638,49.34255570032629
1594517786.1574545,77.30000305175781,26.600000381469727,2020-07-12 01:36:26.157454491,49.08474107027484
1594517789.969384,77.30000305175781,26.600000381469727,2020-07-12 01:36:29.969383955,49.34255570032629
1594517793.7761605,77.19999694824219,26.39999961853028,2020-07-12 01:36:33.776160479,51.93760380132317
1594517800.7894838,77.19999694824219,26.600000381469727,2020-07-12 01:36:40.789483786,51.93760380132317
1594517805.6661036,77.0999984741211,26.600000381469727,2020-07-12 01:36:45.666103601,51.93760380132317
1594517811.6091626,77.0999984741211,26.600000381469727,2020-07-12 01:36:51.609162569,51.93760380132317
1594517815.415198,77.0999984741211,26.600000381469727,2020-07-12 01:36:55.415198088,51.93760380132317
1594517822.4561105,77.0999984741211,26.600000381469727,2020-07-12 01:37:02.456110477,49.85989849551007
1594517827.3376129,77.0999984741211,26.600000381469727,2020-07-12 01:37:07.337612867,51.41692424435619
1594517834.350736,77.0999984741211,26.600000381469727,2020-07-12 01:37:14.350735903,51.41692424435619
1594517839.2272696,77.0999984741211,26.600000381469727,2020-07-12 01:37:19.227269650,51.41692424435619
1594517845.1718955,77.0999984741211,26.600000381469727,2020-07-12 01:37:25.171895504,50.8970812133
1594517850.0478842,77.0999984741211,26.600000381469727,2020-07-12 01:37:30.047884226,51.93760380132317
1594517854.9258676,77.0999984741211,26.600000381469727,2020-07-12 01:37:34.925867558,51.93760380132317
1594517860.3380203,77.0999984741211,26.600000381469727,2020-07-12 01:37:40.338020325,51.93760380132317
1594517865.2146175,77.0999984741211,26.600000381469727,2020-07-12 01:37:45.214617491,51.93760380132317
1594517872.2260168,77.0999984741211,26.600000381469727,2020-07-12 01:37:52.226016760,50.37807314897618
1594517879.7772286,77.0999984741211,26.600000381469727,2020-07-12 01:37:59.777228594,49.34255570032629
1594517883.5962925,78.0,26.600000381469727,2020-07-12 01:38:03.596292496,51.93760380132317
1594517890.0767832,77.0999984741211,26.600000381469727,2020-07-12 01:38:10.076783180,51.41692424435619
1594517895.4887617,77.0999984741211,26.600000381469727,2020-07-12 01:38:15.488761663,51.93760380132317
1594517899.8356156,77.19999694824219,26.700000762939453,2020-07-12 01:38:19.835615635,51.93760380132317
1594517905.7815204,77.30000305175781,26.600000381469727,2020-07-12 01:38:25.781520367,51.93760380132317
1594517910.6565986,77.19999694824219,26.600000381469727,2020-07-12 01:38:30.656598568,51.93760380132317
1594517915.535215,77.0999984741211,26.600000381469727,2020-07-12 01:38:35.535214901,49.85989849551007
1594517919.8737123,77.19999694824219,26.600000381469727,2020-07-12 01:38:39.873712301,50.8970812133
1594517925.2860048,77.19999694824219,26.600000381469727,2020-07-12 01:38:45.286004782,51.93760380132317
1594517930.7024248,77.0999984741211,26.600000381469727,2020-07-12 01:38:50.702424765,51.93760380132317
1594517939.3284774,77.0999984741211,26.600000381469727,2020-07-12 01:38:59.328477383,51.41692424435619
1594517945.3063614,77.0,26.600000381469727,2020-07-12 01:39:05.306361437,51.93760380132317
1594517950.7172048,77.0,26.600000381469727,2020-07-12 01:39:10.717204809,50.7675250597439
1594517958.2720685,77.0,26.600000381469727,2020-07-12 01:39:18.272068501,53.25075523229504
1594517962.08515,77.0999984741211,26.600000381469727,2020-07-12 01:39:22.085150003,50.8970812133
1594517967.496133,77.0,26.600000381469727,2020-07-12 01:39:27.496133089,51.41692424435619
1594517971.8380103,77.0,26.600000381469727,2020-07-12 01:39:31.838010311,50.37807314897618
1594517975.646459,77.0,26.600000381469727,2020-07-12 01:39:35.646459103,52.72351935170194
1594517982.6579368,77.0999984741211,26.600000381469727,2020-07-12 01:39:42.657936811,51.93760380132317
1594517989.1367602,77.0999984741211,26.600000381469727,2020-07-12 01:39:49.136760235,51.93760380132317
1594517993.4776862,77.30000305175781,26.600000381469727,2020-07-12 01:39:53.477686167,53.12449546538143
1594518003.7754712,77.4000015258789,26.600000381469727,2020-07-12 01:40:03.775471210,51.93760380132317
1594518011.3205006,77.4000015258789,26.600000381469727,2020-07-12 01:40:11.320500612,51.93760380132317
1594518017.8018167,77.0999984741211,26.600000381469727,2020-07-12 01:40:17.801816702,51.41692424435619
1594518024.27905,77.0999984741211,26.600000381469727,2020-07-12 01:40:24.279050112,51.93760380132317
1594518028.086532,77.0999984741211,26.600000381469727,2020-07-12 01:40:28.086532116,49.85989849551007
1594518031.9000423,77.0,26.600000381469727,2020-07-12 01:40:31.900042295,51.93760380132317
1594518036.7793314,77.0999984741211,26.600000381469727,2020-07-12 01:40:36.779331446,51.93760380132317
1594518041.1211703,77.19999694824219,26.700000762939453,2020-07-12 01:40:41.121170282,49.21580052309682
1594518047.0660284,77.30000305175781,26.600000381469727,2020-07-12 01:40:47.066028356,51.93760380132317
1594518051.9461472,77.30000305175781,26.600000381469727,2020-07-12 01:40:51.946147203,51.93760380132317
1594518056.287428,77.30000305175781,26.600000381469727,2020-07-12 01:40:56.287427902,51.93760380132317
1594518062.800318,77.19999694824219,26.600000381469727,2020-07-12 01:41:02.800318003,51.93760380132317
1594518066.604939,77.19999694824219,26.600000381469727,2020-07-12 01:41:06.604938984,51.93760380132317
1594518073.6205728,77.0999984741211,26.600000381469727,2020-07-12 01:41:13.620572805,49.34255570032629
1594518077.4264867,77.0999984741211,26.600000381469727,2020-07-12 01:41:17.426486731,49.21362255962314
1594518083.9149532,77.0999984741211,26.600000381469727,2020-07-12 01:41:23.914953232,49.21362255962314
1594518089.3272605,77.0,26.600000381469727,2020-07-12 01:41:29.327260494,49.85989849551007
1594518095.8156438,77.0,26.600000381469727,2020-07-12 01:41:35.815643787,49.34255570032629
